Date,Total_Position_Value,Total_Cash,Portfolio_Value,Peak,Drawdown,Daily_Return
2022-10-27,50000.0,50000.0,100000.0,100000.0,0.0,
2022-10-28,48307.5379103544,50000.0,98307.5379103544,100000.0,-1.6924620896456035,-1.6924620896456077
2022-10-31,48045.61021902427,50000.0,98045.61021902427,100000.0,-1.954389780975733,-0.2664370371771252
2022-11-01,50136.01874223923,50000.0,100136.01874223922,100136.01874223922,0.0,2.1320776305488787
2022-11-02,51471.47116161241,50000.0,101471.47116161241,101471.47116161241,0.0,1.333638421166694
2022-11-03,49681.54251961175,50000.0,99681.54251961174,101471.47116161241,-1.7639722983318828,-1.763972298331884
2022-11-04,52192.251815750365,50000.0,102192.25181575037,102192.25181575037,0.0,2.5187303814491635
2022-11-07,53751.26196026022,50000.0,103751.26196026022,103751.26196026022,0.0,1.5255658984016707
2022-11-08,53361.86634071322,50000.0,103361.86634071323,103751.26196026022,-0.37531651392938675,-0.37531651392939125
2022-11-09,52496.21206836105,50000.0,102496.21206836106,103751.26196026022,-1.2096719289832698,-0.837498685926108
2022-11-10,51893.826657927486,50000.0,101893.82665792748,103751.26196026022,-1.790277310597142,-0.5877148026034451
2022-11-11,55865.919078760984,50000.0,105865.91907876098,105865.91907876098,0.0,3.8982660197544705
2022-11-14,56475.31484622057,50000.0,106475.31484622057,106475.31484622057,0.0,0.575629789796861
2022-11-15,58436.18566466225,50000.0,108436.18566466225,108436.18566466225,0.0,1.8416201175584401
2022-11-16,57976.23171571686,50000.0,107976.23171571686,108436.18566466225,-0.42417016619137804,-0.42417016619137327
2022-11-17,57195.11436454657,50000.0,107195.11436454658,108436.18566466225,-1.1445176649367481,-0.7234160136527334
2022-11-18,56687.576972318355,50000.0,106687.57697231835,108436.18566466225,-1.612569348161557,-0.47347063831865155
2022-11-21,55803.619466580945,50000.0,105803.61946658095,108436.18566466225,-2.4277561793094464,-0.8285477380058581
2022-11-22,55043.05916737312,50000.0,105043.05916737311,108436.18566466225,-3.1291459363780505,-0.7188414754072392
2022-11-23,55088.54942952859,50000.0,105088.54942952859,108436.18566466225,-3.0871947538676685,0.04330629983175793
2022-11-24,55701.61900314144,50000.0,105701.61900314144,108436.18566466225,-2.5218211473957792,0.5833838005576242
2022-11-25,55913.003890509965,50000.0,105913.00389050996,108436.18566466225,-2.326881712674029,0.19998263920841808
2022-11-28,55348.76182691637,50000.0,105348.76182691636,108436.18566466225,-2.8472265220520647,-0.5327410637667285
2022-11-29,58519.03504788762,50000.0,108519.03504788762,108519.03504788762,0.0,3.009312274765863
2022-11-30,59720.039424857765,50000.0,109720.03942485776,109720.03942485776,0.0,1.1067223150668104
2022-12-01,59631.708277282094,50000.0,109631.7082772821,109720.03942485776,-0.08050593860400278,-0.08050593860400301
2022-12-02,59227.235698553064,50000.0,109227.23569855306,109720.03942485776,-0.44914650859399263,-0.36893758665699217
2022-12-05,61688.80095659015,50000.0,111688.80095659016,111688.80095659016,0.0,2.253618561610904
2022-12-06,61576.60231545461,50000.0,111576.60231545461,111688.80095659016,-0.10045648281169614,-0.10045648281169495
2022-12-07,59791.060376421636,50000.0,109791.06037642164,111688.80095659016,-1.699132378461216,-1.6002834841527203
2022-12-08,61482.110496663416,50000.0,111482.11049666342,111688.80095659016,-0.18505925227640108,1.5402439091525055
2022-12-09,63175.5806736285,50000.0,113175.5806736285,113175.5806736285,0.0,1.5190510561923443
2022-12-12,61709.6742393653,50000.0,111709.6742393653,113175.5806736285,-1.2952497575342958,-1.2952497575343003
2022-12-13,62147.487674059834,50000.0,112147.48767405984,113175.5806736285,-0.9084053233474774,0.3919207872331798
2022-12-14,62368.120837522656,50000.0,112368.12083752266,113175.5806736285,-0.7134576481072958,0.19673482486211036
2022-12-15,61096.311654887395,50000.0,111096.3116548874,113175.5806736285,-1.837206406510274,-1.1318238421680227
2022-12-16,61310.89374848679,50000.0,111310.8937484868,113175.5806736285,-1.647605352712104,0.19314961082235182
2022-12-19,61115.675455525954,50000.0,111115.67545552595,113175.5806736285,-1.82009688471829,-0.17538112073912648
2022-12-20,60531.50702936444,50000.0,110531.50702936444,113175.5806736285,-2.336258076633106,-0.5257299870307985
2022-12-21,60735.59493789346,50000.0,110735.59493789346,113175.5806736285,-2.1559295045910836,0.1846422925137592
2022-12-22,62413.37523942169,50000.0,112413.3752394217,113175.5806736285,-0.6734716355507996,1.5151228495853042
2022-12-23,61851.06161557193,50000.0,111851.06161557193,113175.5806736285,-1.1703222993625868,-0.500219500261545
2022-12-28,62789.79783295207,50000.0,112789.79783295207,113175.5806736285,-0.3408710946126596,0.8392734086034359
2022-12-29,62315.93882619981,50000.0,112315.93882619981,113175.5806736285,-0.7595647774122707,-0.4201257701109351
2022-12-30,62033.97687547731,50000.0,112033.97687547731,113175.5806736285,-1.008701516136511,-0.25104357731347005
2023-01-03,62870.60717259982,50000.0,112870.60717259982,113175.5806736285,-0.26946934949523554,0.7467647944448208
2023-01-04,64528.63895707335,50000.0,114528.63895707336,114528.63895707336,0.0,1.4689668337994455
2023-01-05,65495.754103907755,50000.0,115495.75410390776,115495.75410390776,0.0,0.8444308389946809
2023-01-06,65391.97563794104,50000.0,115391.97563794104,115495.75410390776,-0.0898547888378278,-0.08985478883782871
2023-01-09,66288.46142248627,50000.0,116288.46142248627,116288.46142248627,0.0,0.7769047887334013
2023-01-10,65931.28201912352,50000.0,115931.28201912352,116288.46142248627,-0.30714947897116607,-0.3071494789711693
2023-01-11,65975.91451565045,50000.0,115975.91451565045,116288.46142248627,-0.2687686319112186,0.03849909683528718
2023-01-12,66698.63086205487,50000.0,116698.63086205487,116698.63086205487,0.0,0.6231607221401925
2023-01-13,67515.80280904983,50000.0,117515.80280904983,117515.80280904983,0.0,0.7002412461555751
2023-01-16,66963.29283698463,50000.0,116963.29283698463,117515.80280904983,-0.4701580203327717,-0.4701580203327671
2023-01-17,66064.82504871568,50000.0,116064.82504871568,117515.80280904983,-1.2347086312228392,-0.768162187021515
2023-01-18,66262.72456370595,50000.0,116262.72456370595,117515.80280904983,-1.0663061608658597,0.17050774419140602
2023-01-19,66023.04911280528,50000.0,116023.04911280528,117515.80280904983,-1.2702578381480356,-0.20614986600399066
2023-01-20,67420.35859992061,50000.0,117420.35859992061,117515.80280904983,-0.08121819095624198,1.2043378430407925
2023-01-26,68967.77476428116,50000.0,118967.77476428116,118967.77476428116,0.0,1.3178431600885832
2023-01-27,69129.67686841193,50000.0,119129.67686841193,119129.67686841193,0.0,0.13608904129842614
2023-01-30,68237.04968008258,50000.0,118237.04968008258,119129.67686841193,-0.749290363068246,-0.7492903630682446
2023-01-31,67921.2351399176,50000.0,117921.2351399176,119129.67686841193,-1.0143918461469112,-0.2671028590610858
2023-02-01,68527.37154178332,50000.0,118527.37154178332,119129.67686841193,-0.5055879798061642,0.5140180232563907
2023-02-02,68057.0874709912,50000.0,118057.0874709912,119129.67686841193,-0.9003544923617037,-0.39677254685963614
2023-02-03,66426.42152834943,50000.0,116426.42152834943,119129.67686841193,-2.2691703789715314,-1.3812520515063986
2023-02-06,65138.41455938784,50000.0,115138.41455938783,119129.67686841193,-3.35035099057035,-1.1062840823016895
2023-02-07,65234.26510871267,50000.0,115234.26510871267,119129.67686841193,-3.2698919883767044,0.08324810593549614
2023-02-08,65068.04924727167,50000.0,115068.04924727167,119129.67686841193,-3.40941713929657,-0.14424169866852354
2023-02-09,65621.72515545358,50000.0,115621.72515545358,119129.67686841193,-2.9446497339476227,0.4811725859644067
2023-02-10,64827.19378023494,50000.0,114827.19378023494,119129.67686841193,-3.61159637235432,-0.687181733493758
2023-02-13,64604.51900405422,50000.0,114604.51900405422,119129.67686841193,-3.798514344461876,-0.19392163898639403
2023-02-14,64874.33998347177,50000.0,114874.33998347177,119129.67686841193,-3.572020840483361,0.2354365968832317
2023-02-15,63895.0780538063,50000.0,113895.0780538063,119129.67686841193,-4.394034259311941,-0.8524635961402405
2023-02-16,64240.761892987575,50000.0,114240.76189298758,119129.67686841193,-4.103859847470707,0.3035107794719272
2023-02-17,63883.221832051655,50000.0,113883.22183205165,119129.67686841193,-4.403986625562157,-0.31297065514219735
2023-02-20,64607.02411073137,50000.0,114607.02411073138,119129.67686841193,-3.7964115043107,0.635565333537147
2023-02-21,63736.998217778644,50000.0,113736.99821777864,119129.67686841193,-4.526729856398354,-0.7591383684407815
2023-02-22,63840.35987802224,50000.0,113840.35987802224,119129.67686841193,-4.439965866970459,0.09087778107672584
2023-02-23,63546.613941357675,50000.0,113546.61394135767,119129.67686841193,-4.686542492028402,-0.2580332115774242
2023-02-24,62714.936258997564,50000.0,112714.93625899756,119129.67686841193,-5.384670535537463,-0.7324548513526263
2023-02-27,62313.46013856173,50000.0,112313.46013856173,119129.67686841193,-5.721678182153762,-0.3561871511982395
2023-02-28,62018.931722568625,50000.0,112018.93172256862,119129.67686841193,-5.96891163710423,-0.26223786145466166
2023-03-01,64651.05083336671,50000.0,114651.05083336671,119129.67686841193,-3.7594545312098973,2.3497091699793415
2023-03-02,64047.78775914534,50000.0,114047.78775914534,119129.67686841193,-4.265846464840102,-0.5261731748958387
2023-03-03,64013.73353612219,50000.0,114013.73353612219,119129.67686841193,-4.294432308366536,-0.029859608583615582
2023-03-06,63974.548113358906,50000.0,113974.5481133589,119129.67686841193,-4.3273253907565525,-0.03436903743782027
2023-03-07,63652.06342802244,50000.0,113652.06342802243,119129.67686841193,-4.598025936425524,-0.282944473722091
2023-03-08,61888.09766070779,50000.0,111888.09766070779,119129.67686841193,-6.078736548327108,-1.552075443339218
2023-03-09,61503.024340975,50000.0,111503.024340975,119129.67686841193,-6.401975333032397,-0.3441593232735962
2023-03-10,59917.8193255275,50000.0,109917.8193255275,119129.67686841193,-7.732630344544335,-1.4216699724663662
2023-03-13,60563.43172197866,50000.0,110563.43172197866,119129.67686841193,-7.1906894836081525,0.5873591747113771
2023-03-14,59340.382114439126,50000.0,109340.38211443913,119129.67686841193,-8.217343496017241,-1.106197219542715
2023-03-15,60322.39291130335,50000.0,110322.39291130335,119129.67686841193,-7.393022619239464,0.898122704415294
2023-03-16,59197.340304964906,50000.0,109197.3403049649,119129.67686841193,-8.337415851818408,-1.0197862615642928
2023-03-17,59985.585006755835,50000.0,109985.58500675583,119129.67686841193,-7.675746381614433,0.7218533890931189
2023-03-20,58323.41807381612,50000.0,108323.41807381612,119129.67686841193,-9.071004873564936,-1.5112588916425862
2023-03-21,58878.544058254156,50000.0,108878.54405825416,119129.67686841193,-8.605020243176643,0.5124708897754182
2023-03-22,59543.265204349394,50000.0,109543.26520434939,119129.67686841193,-8.047039088884198,0.6105161965975325
2023-03-23,60922.88307749035,50000.0,110922.88307749035,119129.67686841193,-6.888958323950321,1.259427378367195
2023-03-24,60111.210154719214,50000.0,110111.21015471921,119129.67686841193,-7.570293944181785,-0.7317452452115791
2023-03-27,58906.70374529158,50000.0,108906.70374529158,119129.67686841193,-8.58138239929285,-1.0938998924225452
2023-03-28,59610.31896086519,50000.0,109610.31896086519,119129.67686841193,-7.9907527307923605,0.6460715377257342
2023-03-29,60313.0642105564,50000.0,110313.06421055639,119129.67686841193,-7.400853330269822,0.641130558102021
2023-03-30,60585.986921863325,50000.0,110585.98692186332,119129.67686841193,-7.171756166169898,0.24740742473257082
2023-03-31,60930.549219704335,50000.0,110930.54921970433,119129.67686841193,-6.882523200129365,0.3115786253139463
2023-04-03,60916.67377038485,50000.0,110916.67377038485,119129.67686841193,-6.894170549206634,-0.012508230976127077
2023-04-04,60624.39045332176,50000.0,110624.39045332176,119129.67686841193,-7.13951942007274,-0.2635161217222959
2023-04-06,60761.13633415522,50000.0,110761.13633415522,119129.67686841193,-7.024732001498182,0.12361277677834792
2023-04-11,61213.91071176601,50000.0,111213.91071176602,119129.67686841193,-6.644663500086128,0.4087845182852101
2023-04-12,60906.56784194316,50000.0,110906.56784194315,119129.67686841193,-6.90265368179572,-0.2763529021287736
2023-04-13,60867.10407213135,50000.0,110867.10407213135,119129.67686841193,-6.935780414654564,-0.03558289700934525
2023-04-14,60957.89682269067,50000.0,110957.89682269067,119129.67686841193,-6.859567036975707,0.08189331841865766
2023-04-17,62319.35701855633,50000.0,112319.35701855633,119129.67686841193,-5.716728214899914,1.2270061301191237
2023-04-18,62498.29427124467,50000.0,112498.29427124467,119129.67686841193,-5.566524455944043,0.15931114407889968
2023-04-19,61897.53888521055,50000.0,111897.53888521055,119129.67686841193,-6.070811382448254,-0.5340128843070557
2023-04-20,62620.19061579403,50000.0,112620.19061579404,119129.67686841193,-5.464202055889171,0.6458155718016334
2023-04-21,61666.604361491474,50000.0,111666.60436149148,119129.67686841193,-6.264662763388502,-0.8467276152601566
2023-04-24,61556.20946466441,50000.0,111556.20946466441,119129.67686841193,-6.357330602107658,-0.09886115679643703
2023-04-25,60312.29162529599,50000.0,110312.291625296,119129.67686841193,-7.40150185486982,-1.1150592560806083
2023-04-26,60422.569831557936,50000.0,110422.56983155794,119129.67686841193,-7.308931968708081,0.09996910102867407
2023-04-27,61964.61130686035,50000.0,111964.61130686034,119129.67686841193,-6.0145093564435355,1.3964912043386457
2023-04-28,62083.49327829672,50000.0,112083.49327829672,119129.67686841193,-5.9147172856837935,0.10617816651956602
2023-05-02,62437.635743026454,50000.0,112437.63574302645,119129.67686841193,-5.617442522552435,0.3159630864202345
2023-05-03,62066.05553028865,50000.0,112066.05553028865,119129.67686841193,-5.929354904509315,-0.3304767218576532
2023-05-04,63643.73488321772,50000.0,113643.73488321772,119129.67686841193,-4.605017095155778,1.4078119779121323
2023-05-05,64185.39710050722,50000.0,114185.39710050722,119129.67686841193,-4.150334239020938,0.4766318335508002
2023-05-08,64966.16232866975,50000.0,114966.16232866974,119129.67686841193,-3.494943199032694,0.6837697709062507
2023-05-09,63719.379782664335,50000.0,113719.37978266433,119129.67686841193,-4.54151914784735,-1.0844778330871496
2023-05-10,63136.811874872656,50000.0,113136.81187487266,119129.67686841193,-5.030539115923956,-0.5122855127288384
2023-05-11,63060.97112634144,50000.0,113060.97112634144,119129.67686841193,-5.094201463144953,-0.06703454629347627
2023-05-12,62388.143897608614,50000.0,112388.14389760862,119129.67686841193,-5.65898703666414,-0.5951012290359325
2023-05-15,63835.99771266904,50000.0,113835.99771266905,119129.67686841193,-4.443627561913195,1.2882620575881187
2023-05-16,63788.18610012418,50000.0,113788.18610012418,119129.67686841193,-4.4837616525963115,-0.04200043352328153
2023-05-17,62094.357800661586,50000.0,112094.35780066159,119129.67686841193,-5.905597373122573,-1.4885801044162594
2023-05-18,62614.115517044156,50000.0,112614.11551704415,119129.67686841193,-5.4693016237798835,0.46367874938617604
2023-05-19,61706.65187930363,50000.0,111706.65187930362,119129.67686841193,-6.231046019966646,-0.8058169560486217
2023-05-22,62418.10871090229,50000.0,112418.10871090229,119129.67686841193,-5.633833931173247,0.6368974628004898
2023-05-23,61544.41546901996,50000.0,111544.41546901996,119129.67686841193,-6.367230734429407,-0.7771819432838334
2023-05-24,60878.938897094005,50000.0,110878.938897094,119129.67686841193,-6.925846009329407,-0.5966023212616967
2023-05-25,59896.62666329499,50000.0,109896.626663295,119129.67686841193,-7.750419918720638,-0.8859322100030931
2023-05-29,58857.72745198588,50000.0,108857.72745198588,119129.67686841193,-8.622494147929425,-0.945342221005685
2023-05-30,59024.384243546054,50000.0,109024.38424354605,119129.67686841193,-8.482598870832131,0.1530959679768129
2023-05-31,57762.27388013737,50000.0,107762.27388013736,119129.67686841193,-9.542041317572576,-1.1576404417834696
2023-06-01,57442.27136128026,50000.0,107442.27136128026,119129.67686841193,-9.810658279583286,-0.2969522703400229
2023-06-02,59332.582724926666,50000.0,109332.58272492667,119129.67686841193,-8.223890470471867,1.7593739779477868
2023-06-05,59824.56029935381,50000.0,109824.56029935382,119129.67686841193,-7.810913966749311,0.4499825780800659
2023-06-06,60029.237016817424,50000.0,110029.23701681742,119129.67686841193,-7.639103950266445,0.18636698103384752
2023-06-07,60450.076356590056,50000.0,110450.07635659006,119129.67686841193,-7.285842402988446,0.3824795583271312
2023-06-08,60883.9392756105,50000.0,110883.9392756105,119129.67686841193,-6.921648584600377,0.39281359808180927
2023-06-09,60727.18257239794,50000.0,110727.18257239794,119129.67686841193,-7.053233515688288,-0.14137007057705153
2023-06-12,60939.474374526435,50000.0,110939.47437452644,119129.67686841193,-6.875031234183745,0.19172510055487368
2023-06-13,61164.36593520702,50000.0,111164.36593520702,119129.67686841193,-6.686252445730393,0.20271554552473425
2023-06-14,60159.528833803786,50000.0,110159.52883380378,119129.67686841193,-7.529734210994615,-0.9039201482864745
2023-06-15,61311.1828556263,50000.0,111311.1828556263,119129.67686841193,-6.563011181018953,1.0454420366666772
2023-06-16,62170.807472999484,50000.0,112170.80747299948,119129.67686841193,-5.841423882227989,0.7722715681569348
2023-06-19,61852.180747969825,50000.0,111852.18074796983,119129.67686841193,-6.108885973459547,-0.28405494460432834
2023-06-20,61899.12776961149,50000.0,111899.12776961148,119129.67686841193,-6.069477638881833,0.04197237937402232
2023-06-21,61266.63328225189,50000.0,111266.63328225189,119129.67686841193,-6.6004070462185425,-0.5652362980539394
2023-06-23,60358.74040208722,50000.0,110358.74040208722,119129.67686841193,-7.362511757681419,-0.8159614912240598
2023-06-26,59739.5635568695,50000.0,109739.5635568695,119129.67686841193,-7.882262051222172,-0.5610582750054771
2023-06-27,60650.031355853964,50000.0,110650.03135585396,119129.67686841193,-7.117995897801688,0.8296623109063539
2023-06-28,61091.955042273505,50000.0,111091.9550422735,119129.67686841193,-6.747035698767756,0.3993886680414116
2023-06-29,60499.99050854525,50000.0,110499.99050854525,119129.67686841193,-7.243943395732407,-0.5328599478720109
2023-06-30,60405.62095653854,50000.0,110405.62095653854,119129.67686841193,-7.323159217085595,-0.08540231684400768
2023-07-03,61538.447359161124,50000.0,111538.44735916113,119129.67686841193,-6.3722404935555295,1.0260586307182074
2023-07-04,61743.05417784699,50000.0,111743.05417784699,119129.67686841193,-6.2004891516024525,0.18344061938302403
2023-07-05,60874.14346760117,50000.0,110874.14346760117,119129.67686841193,-6.929871395462311,-0.7775970655526265
2023-07-06,59580.30819850585,50000.0,109580.30819850585,119129.67686841193,-8.01594440691223,-1.1669404864204314
2023-07-07,59070.730601998366,50000.0,109070.73060199837,119129.67686841193,-8.443694745789045,-0.46502661370908527
2023-07-10,59572.92682285404,50000.0,109572.92682285403,119129.67686841193,-8.02214049158723,0.4604317015975523
2023-07-11,59727.11063681787,50000.0,109727.11063681787,119129.67686841193,-7.892715298791525,0.1407134211292016
2023-07-12,60562.43727349297,50000.0,110562.43727349298,119129.67686841193,-7.191524244947075,0.7612764355382717
2023-07-13,62278.29492547321,50000.0,112278.29492547321,119129.67686841193,-5.751196614514964,1.5519354441651867
2023-07-14,62382.38950610874,50000.0,112382.38950610874,119129.67686841193,-5.663817396026433,0.09271122321961034
2023-07-18,61430.766216735836,50000.0,111430.76621673584,119129.67686841193,-6.462630348758644,-0.8467726069493975
2023-07-19,61193.04021792472,50000.0,111193.04021792472,119129.67686841193,-6.6621826392208305,-0.21333964297501895
2023-07-20,61209.814597378645,50000.0,111209.81459737864,119129.67686841193,-6.648101866154975,0.015085817800342127
2023-07-21,61609.79033490733,50000.0,111609.79033490733,119129.67686841193,-6.312353673057388,0.35965866769651633
2023-07-24,60630.27242592038,50000.0,110630.27242592038,119129.67686841193,-7.134581966406076,-0.8776272279051089
2023-07-25,62956.73376213123,50000.0,112956.73376213123,119129.67686841193,-5.181700537221466,2.102915671448491
2023-07-26,63241.67169943435,50000.0,113241.67169943434,119129.67686841193,-4.942517535308477,0.2522540514522609
2023-07-27,64024.35305718814,50000.0,114024.35305718814,119129.67686841193,-4.285518055138367,0.6911601939533218
2023-07-28,65343.73271522665,50000.0,115343.73271522665,119129.67686841193,-3.178002536989294,1.1571033929714813
2023-07-31,65805.52969075914,50000.0,115805.52969075914,119129.67686841193,-2.7903602738086595,0.4003659016937
2023-08-01,65611.35788318524,50000.0,115611.35788318524,119129.67686841193,-2.953352244137247,-0.167670583686641
2023-08-02,63826.619217114676,50000.0,113826.61921711467,119129.67686841193,-4.45150007177045,-1.5437399047538936
2023-08-03,63475.11645895979,50000.0,113475.11645895979,119129.67686841193,-4.746559008716229,-0.30880540999326245
2023-08-04,64126.791069676154,50000.0,114126.79106967615,119129.67686841193,-4.199529395401497,0.5742885586304203
2023-08-07,64346.03818888062,50000.0,114346.03818888063,119129.67686841193,-4.0154886719076766,0.19210837100520628
2023-08-08,63329.41859852612,50000.0,113329.41859852613,119129.67686841193,-4.868860910529156,-0.8890728585412067
2023-08-09,63407.9492441053,50000.0,113407.9492441053,119129.67686841193,-4.8029406061654365,0.0692941396420288
2023-08-10,63259.31680862847,50000.0,113259.31680862847,119129.67686841193,-4.927705853066094,-0.1310599798933887
2023-08-11,62412.66493921692,50000.0,112412.66493921692,119129.67686841193,-5.638403549616337,-0.747533971833958
2023-08-14,61522.49938608377,50000.0,111522.49938608377,119129.67686841193,-6.385627563424758,-0.7918730096955429
2023-08-15,60644.2971739481,50000.0,110644.2971739481,119129.67686841193,-7.122809292798299,-0.787466400923631
2023-08-16,59741.958454989915,50000.0,109741.95845498992,119129.67686841193,-7.880251722491857,-0.8155311588626923
2023-08-17,59382.81015457932,50000.0,109382.81015457932,119129.67686841193,-8.181728491212807,-0.32726616643888873
2023-08-18,58157.21942738461,50000.0,108157.21942738461,119129.67686841193,-9.210515573837458,-1.120460084598951
2023-08-21,57378.29704114173,50000.0,107378.29704114172,119129.67686841193,-9.86435969288369,-0.7201760459142115
2023-08-22,57697.39024597984,50000.0,107697.39024597984,119129.67686841193,-9.596506028518776,0.29716731744764413
2023-08-23,57689.06192125666,50000.0,107689.06192125665,119129.67686841193,-9.603497002507892,-0.007733079422045375
2023-08-24,58767.49417612513,50000.0,108767.49417612512,119129.67686841193,-8.698237890574193,1.0014315619696124
2023-08-25,58110.952853840805,50000.0,108110.9528538408,119129.67686841193,-9.24935272572104,-0.6036190566468314
2023-08-28,58961.937340190845,50000.0,108961.93734019084,119129.67686841193,-8.535018137799668,0.7871399371537358
2023-08-29,60039.25064461013,50000.0,110039.25064461013,119129.67686841193,-7.630698296817247,0.9887060846355933
2023-08-30,60110.04417258565,50000.0,110110.04417258565,119129.67686841193,-7.571272694535361,0.0643347965028962
2023-08-31,59339.99852847511,50000.0,109339.99852847512,119129.67686841193,-8.217665486283726,-0.6993418719400069
2023-09-04,60583.593635953795,50000.0,110583.59363595379,119129.67686841193,-7.1737651415759,1.1373652132936618
2023-09-05,59190.734933913576,50000.0,109190.73493391357,119129.67686841193,-8.342960541626168,-1.2595527566463205
2023-09-06,59328.1174936034,50000.0,109328.11749360341,119129.67686841193,-8.227638681195378,0.1258188799379223
2023-09-07,58596.979204374424,50000.0,108596.97920437442,119129.67686841193,-8.841371806683988,-0.6687559485982764
2023-09-11,58429.6514137722,50000.0,108429.6514137722,119129.67686841193,-8.981830334735779,-0.1540814411488567
2023-09-12,58426.46338585558,50000.0,108426.46338585558,119129.67686841193,-8.984506433589083,-0.0029401809145901403
2023-09-13,58582.366815114336,50000.0,108582.36681511434,119129.67686841193,-8.853637758917055,0.14378724933963305
2023-09-14,58731.55999560593,50000.0,108731.55999560593,119129.67686841193,-8.728401810651713,0.1374009287766098
2023-09-15,59415.16805367102,50000.0,109415.16805367102,119129.67686841193,-8.154566578293794,0.6287117172720791
2023-09-18,58623.444466351444,50000.0,108623.44446635144,119129.67686841193,-8.819156299454622,-0.7235958244209972
2023-09-19,58906.68541535134,50000.0,108906.68541535134,119129.67686841193,-8.581397785836929,0.2607548954016492
2023-09-20,58653.15085498416,50000.0,108653.15085498415,119129.67686841193,-8.794220121154128,-0.2327998133450193
2023-09-21,57932.852341394624,50000.0,107932.85234139462,119129.67686841193,-9.398854107012374,-0.6629338476809465
2023-09-22,59173.02746015016,50000.0,109173.02746015016,119129.67686841193,-8.357824574022535,1.149024686971889
2023-09-25,58360.27101289891,50000.0,108360.27101289891,119129.67686841193,-9.04006972788877,-0.7444663449934219
2023-09-26,57552.42663787362,50000.0,107552.42663787362,119129.67686841193,-9.718191583215901,-0.7455171230876023
2023-09-27,57683.55326316732,50000.0,107683.55326316733,119129.67686841193,-9.608121087986955,0.12191879755090174
2023-09-28,56875.789097724824,50000.0,106875.78909772483,119129.67686841193,-10.286175613673896,-0.7501277037807341
2023-09-29,57857.27024749413,50000.0,107857.27024749413,119129.67686841193,-9.462299334001429,0.9183381550257996
2023-10-03,56384.96438352646,50000.0,106384.96438352646,119129.67686841193,-10.69818438185055,-1.3650501821428018
2023-10-04,55630.98691233891,50000.0,105630.9869123389,119129.67686841193,-11.331089205407133,-0.7087255944076887
2023-10-05,56020.067407149545,50000.0,106020.06740714955,119129.67686841193,-11.00448671219261,0.36833935399422923
2023-10-06,56983.00704864516,50000.0,106983.00704864516,119129.67686841193,-10.196174571331811,0.9082616763462559
2023-10-09,56965.85732566128,50000.0,106965.85732566129,119129.67686841193,-10.210570415788617,-0.016030324307558796
2023-10-10,57395.859045785786,50000.0,107395.8590457858,119129.67686841193,-9.849617770378961,0.4019990405119245
2023-10-11,58351.62929164499,50000.0,108351.62929164499,119129.67686841193,-9.047323773632106,0.8899507433072662
2023-10-12,59200.47938669768,50000.0,109200.47938669768,119129.67686841193,-8.334780839439214,0.7834216251311643
2023-10-13,58268.26616779292,50000.0,108268.26616779293,119129.67686841193,-9.11730056366751,-0.8536713612800395
2023-10-16,57686.01721274991,50000.0,107686.01721274991,119129.67686841193,-9.606052795981675,-0.5377835774525663
2023-10-17,57767.592263806386,50000.0,107767.59226380638,119129.67686841193,-9.537576952513575,0.07575268653059464
2023-10-18,57819.073636258,50000.0,107819.07363625799,119129.67686841193,-9.494362386836142,0.047770736424723736
2023-10-19,56555.36901608441,50000.0,106555.36901608441,119129.67686841193,-10.555143086820278,-1.1720603577404676
2023-10-20,55883.708403176766,50000.0,105883.70840317677,119129.67686841193,-11.11894937805159,-0.6303395306211712
2023-10-24,55657.933497090155,50000.0,105657.93349709015,119129.67686841193,-11.308469665541335,-0.21322912607757427
2023-10-25,55582.570535443265,50000.0,105582.57053544326,119129.67686841193,-11.371730948227547,-0.07132730988815839
2023-10-26,55711.35835862954,50000.0,105711.35835862954,119129.67686841193,-11.263623693535216,0.12197829862747867
2023-10-27,56663.328447531305,50000.0,106663.3284475313,119129.67686841193,-10.46451962985738,0.9005371832156106
2023-10-30,56660.58316414586,50000.0,106660.58316414585,119129.67686841193,-10.466824079477,-0.0025737837224926174
2023-10-31,55975.33731648802,50000.0,105975.33731648802,119129.67686841193,-11.042034107465861,-0.6424546231884598
2023-11-01,56062.15949697911,50000.0,106062.15949697912,119129.67686841193,-10.969153711267857,0.08192677908804846
2023-11-02,56390.99606839589,50000.0,106390.99606839589,119129.67686841193,-10.693121256500099,0.31004136911443325
2023-11-03,57213.39596252567,50000.0,107213.39596252567,119129.67686841193,-10.00278118696547,0.7729976450272957
2023-11-06,58328.11430519227,50000.0,108328.11430519227,119129.67686841193,-9.067062756453904,1.0397192744983297
2023-11-07,57323.513305659435,50000.0,107323.51330565943,119129.67686841193,-9.9103463327558,-0.9273686761523181
2023-11-08,56480.73425372039,50000.0,106480.73425372038,119129.67686841193,-10.617793103445836,-0.7852697195430025
2023-11-09,56173.61362563314,50000.0,106173.61362563314,119129.67686841193,-10.87559673068683,-0.28842835301590153
2023-11-10,55337.78758469496,50000.0,105337.78758469496,119129.67686841193,-11.577206995156374,-0.7872257639127689
2023-11-13,55783.46783522892,50000.0,105783.46783522892,119129.67686841193,-11.203093455818692,0.42309627034422537
2023-11-14,56010.77342505242,50000.0,106010.77342505242,119129.67686841193,-11.012288279645354,0.21487817943117715
2023-11-15,57642.99300895864,50000.0,107642.99300895864,119129.67686841193,-9.642168233312033,1.53967330976994
2023-11-16,57126.645832276154,50000.0,107126.64583227615,119129.67686841193,-10.0756011026489,-0.4796848937854481
2023-11-17,56326.19242110799,50000.0,106326.19242110799,119129.67686841193,-10.747518824756314,-0.7472029063818497
2023-11-20,57430.07109177393,50000.0,107430.07109177392,119129.67686841193,-9.8208994468785,1.038200132563749
2023-11-21,57543.63594728222,50000.0,107543.63594728222,119129.67686841193,-9.725570677008886,0.10571049088414775
2023-11-22,57499.09755670147,50000.0,107499.09755670147,119129.67686841193,-9.762957155132176,-0.041414250307281186
2023-11-23,58066.53598217298,50000.0,108066.53598217298,119129.67686841193,-9.286637198268453,0.5278541293541661
2023-11-24,57333.19877982479,50000.0,107333.19877982479,119129.67686841193,-9.90221613848351,-0.6785978616628996
2023-11-27,57161.67281686028,50000.0,107161.67281686029,119129.67686841193,-10.046198702252205,-0.1598069981277206
2023-11-28,56243.61422763395,50000.0,106243.61422763395,119129.67686841193,-10.816836727435804,-0.85670423491363
2023-11-29,55142.98367527511,50000.0,105142.98367527511,119129.67686841193,-11.74072956530069,-1.0359498407129353
2023-11-30,55481.664877600575,50000.0,105481.66487760057,119129.67686841193,-11.45643331668452,0.32211488630706775
2023-12-01,54865.9120069088,50000.0,104865.9120069088,119129.67686841193,-11.973309452739121,-0.5837534621834894
2023-12-04,54788.922999351125,50000.0,104788.92299935113,119129.67686841193,-12.037935673158328,-0.07341661945646782
2023-12-05,53892.88045739804,50000.0,103892.88045739805,119129.67686841193,-12.790092957142932,-0.8550928059052887
2023-12-06,54274.37585587845,50000.0,104274.37585587845,119129.67686841193,-12.469857556100255,0.3672007136589439
2023-12-07,54235.42054324084,50000.0,104235.42054324085,119129.67686841193,-12.502557479126681,-0.03735847116596025
2023-12-08,54322.00592387382,50000.0,104322.00592387382,119129.67686841193,-12.429875857796834,0.0830671380052106
2023-12-11,53847.01730713808,50000.0,103847.01730713807,119129.67686841193,-12.828591466889275,-0.455310087770322
2023-12-12,54412.176246865136,50000.0,104412.17624686513,119129.67686841193,-12.354184959137795,0.5442226020373253
2023-12-13,53911.412345435805,50000.0,103911.4123454358,119129.67686841193,-12.774536893763166,-0.47960297297640064
2023-12-14,54843.179411134966,50000.0,104843.17941113497,119129.67686841193,-11.9923916800828,0.8966936784591706
2023-12-15,55633.26090029198,50000.0,105633.26090029198,119129.67686841193,-11.329180371258627,0.7535840610658706
2023-12-18,54923.609235100725,50000.0,104923.60923510072,119129.67686841193,-11.924877164741176,-0.6718070228477591
2023-12-19,54413.05759088385,50000.0,104413.05759088385,119129.67686841193,-12.35344514010874,-0.48659367318645286
2023-12-20,54473.21539692114,50000.0,104473.21539692115,119129.67686841193,-12.302947390413886,0.057615213485084915
2023-12-21,54558.30842135528,50000.0,104558.30842135528,119129.67686841193,-12.231518484812035,0.08144960802711765
2023-12-22,54525.64362970561,50000.0,104525.64362970562,119129.67686841193,-12.258938009911342,-0.03124074226413809
2023-12-27,55057.364671675896,50000.0,105057.3646716759,119129.67686841193,-11.81259998906906,0.5086991321038514
2023-12-28,56184.6291264414,50000.0,106184.6291264414,119129.67686841193,-10.866350083589454,1.0729989832587439
2023-12-29,56309.18163666772,50000.0,106309.18163666772,119129.67686841193,-10.761798041226495,0.11729806022866551
2024-01-02,55442.7534339284,50000.0,105442.7534339284,119129.67686841193,-11.489096415162619,-0.8150078755196355
2024-01-03,55222.46281752021,50000.0,105222.46281752021,119129.67686841193,-11.67401307253887,-0.20891963575878636
2024-01-04,55245.13946385203,50000.0,105245.13946385203,119129.67686841193,-11.654977810354058,0.02155114575785877
2024-01-05,55196.13093031461,50000.0,105196.13093031461,119129.67686841193,-11.696116622131035,-0.04656607781327038
2024-01-08,54140.55003632514,50000.0,104140.55003632515,119129.67686841193,-12.582193812750326,-1.0034407964003123
2024-01-09,54117.33240510993,50000.0,104117.33240510993,119129.67686841193,-12.601683189222706,-0.022294515639798007
2024-01-10,53882.54488672969,50000.0,103882.54488672968,119129.67686841193,-12.798768856331158,-0.22550281778899173
2024-01-11,54674.62826707395,50000.0,104674.62826707395,119129.67686841193,-12.133877117206252,0.7624797613573486
2024-01-12,54579.31239167577,50000.0,104579.31239167578,119129.67686841193,-12.213887302664451,-0.09105919646065219
2024-01-15,54394.989124400774,50000.0,104394.98912440077,119129.67686841193,-12.368612197518821,-0.17625213157327346
2024-01-16,53341.300768792855,50000.0,103341.30076879286,119129.67686841193,-13.253100750922517,-1.009328478737903
2024-01-17,51405.874242679194,50000.0,101405.87424267919,119129.67686841193,-14.877739192821007,-1.8728490078171567
2024-01-18,51588.85031954818,50000.0,101588.85031954819,119129.67686841193,-14.724145158421742,0.18043932684916886
2024-01-19,51402.7016233677,50000.0,101402.7016233677,119129.67686841193,-14.880402357361438,-0.18323732928855474
2024-01-22,50695.79459465373,50000.0,100695.79459465374,119129.67686841193,-15.47379524425292,-0.6971283973671305
2024-01-23,51447.47081806243,50000.0,101447.47081806243,119129.67686841193,-14.842822137325937,0.7464822403304261
2024-01-24,52932.122723865665,50000.0,102932.12272386567,119129.67686841193,-13.596573557769092,1.4634686245316386
2024-01-25,53576.57662404579,50000.0,103576.57662404579,119129.67686841193,-13.055605163393299,0.6260959971737812
2024-01-26,52648.45018287779,50000.0,102648.45018287779,119129.67686841193,-13.83469435893707,-0.8960775412927946
2024-01-29,53238.39934469102,50000.0,103238.39934469102,119129.67686841193,-13.339478408284508,0.5747277827986563
2024-01-30,52300.6592887912,50000.0,102300.6592887912,119129.67686841193,-14.12663747775435,-0.9083248692852264
2024-01-31,52147.28714135198,50000.0,102147.28714135199,119129.67686841193,-14.255381340300556,-0.1499229315876094
2024-02-01,52295.65632167722,50000.0,102295.65632167722,119129.67686841193,-14.130837075407504,0.1452502405863365
2024-02-02,52388.02958374316,50000.0,102388.02958374316,119129.67686841193,-14.053296982548883,0.09030027802496843
2024-02-05,52343.17557662464,50000.0,102343.17557662464,119129.67686841193,-14.090948395947805,-0.04380786240431034
2024-02-06,54244.56427854309,50000.0,104244.56427854308,119129.67686841193,-12.494882032048674,1.857855876765191
2024-02-07,54236.0119026666,50000.0,104236.01190266659,119129.67686841193,-12.502061079370305,-0.008204145641244054
2024-02-08,53725.05400616202,50000.0,103725.05400616201,119129.67686841193,-12.930970071601497,-0.4901932520036345
2024-02-09,53109.50825593629,50000.0,103109.50825593629,119129.67686841193,-13.447672346304751,-0.5934397972828687
2024-02-14,53319.06949790903,50000.0,103319.06949790903,119129.67686841193,-13.271762155425765,0.20324143283911855
2024-02-15,53370.521152134424,50000.0,103370.52115213443,119129.67686841193,-13.228572535863353,0.04979879752637917
2024-02-16,54609.4305233954,50000.0,104609.4305233954,119129.67686841193,-12.188605498405984,1.1985132293544476
2024-02-19,54180.2486153691,50000.0,104180.2486153691,119129.67686841193,-12.548869975997373,-0.4102707622811397
2024-02-20,54539.16331297186,50000.0,104539.16331297185,119129.67686841193,-12.247589298472155,0.3445131897581222
2024-02-21,54950.868533722605,50000.0,104950.8685337226,119129.67686841193,-11.901995126160655,0.39382869319335434
2024-02-22,55371.24745636248,50000.0,105371.24745636247,119129.67686841193,-11.549120062876291,0.4005483027563317
2024-02-23,55321.70099253342,50000.0,105321.70099253341,119129.67686841193,-11.590710424851155,-0.04702085723107263
2024-02-26,55201.33479686203,50000.0,105201.33479686204,119129.67686841193,-11.69174838519443,-0.11428432558253654
2024-02-27,55759.38192361034,50000.0,105759.38192361034,119129.67686841193,-11.223311685441844,0.5304563177129573
2024-02-28,55029.46601701304,50000.0,105029.46601701304,119129.67686841193,-11.836018716791855,-0.6901665774905141
2024-02-29,54792.92481948361,50000.0,104792.92481948361,119129.67686841193,-12.03457645970482,-0.22521412942451136
2024-03-01,55809.28185288468,50000.0,105809.28185288468,119129.67686841193,-11.181424617008462,0.9698718068532397
2024-03-04,56002.017037800855,50000.0,106002.01703780086,119129.67686841193,-11.019638578480825,0.18215338157587802
2024-03-05,54805.12010827837,50000.0,104805.12010827837,119129.67686841193,-12.024339473325492,-1.1291265609556067
2024-03-06,55494.80260836029,50000.0,105494.80260836029,119129.67686841193,-11.445405224352644,0.6580618383618786
2024-03-07,54914.96905092928,50000.0,104914.96905092927,119129.67686841193,-11.932129920224597,-0.5496323450014828
2024-03-08,55211.49310237227,50000.0,105211.49310237227,119129.67686841193,-11.683221286173202,0.2826327397561945
2024-03-11,55847.31853249723,50000.0,105847.31853249723,119129.67686841193,-11.149495814200947,0.6043307735460912
2024-03-12,57336.24970949294,50000.0,107336.24970949294,119129.67686841193,-9.899655122833712,1.406678220703883
2024-03-13,57567.46329002959,50000.0,107567.46329002958,119129.67686841193,-9.705569495629303,0.21541052641806946
2024-03-14,57252.25904047923,50000.0,107252.25904047923,119129.67686841193,-9.970158687706542,-0.29302936028200444
2024-03-15,56484.28659804963,50000.0,106484.28659804963,119129.67686841193,-10.614811189599823,-0.7160431391377564
2024-03-18,56482.91633316375,50000.0,106482.91633316374,119129.67686841193,-10.615961419267116,-0.001286823558355188
2024-03-19,55941.3326736971,50000.0,105941.33267369709,119129.67686841193,-11.070578332284406,-0.5086108439894099
2024-03-20,55854.68741514572,50000.0,105854.68741514572,119129.67686841193,-11.14331021642028,-0.08178607571253105
2024-03-21,56987.3087578919,50000.0,106987.30875789191,119129.67686841193,-10.192563624538511,1.0699775044483717
2024-03-22,55686.48872719458,50000.0,105686.48872719458,119129.67686841193,-11.28449979434294,-1.215863868153777
2024-03-25,55836.70249761409,50000.0,105836.70249761408,119129.67686841193,-11.15840714105267,0.14213147984056818
2024-03-26,56173.27554265446,50000.0,106173.27554265446,119129.67686841193,-10.875880524773715,0.318011651060246
2024-03-27,55925.047820209285,50000.0,105925.04782020929,119129.67686841193,-11.084248186779005,-0.2337949179550769
2024-03-28,56190.029881203285,50000.0,106190.02988120329,119129.67686841193,-10.861816574472455,0.25015996352795167
2024-04-02,57596.04886570664,50000.0,107596.04886570663,119129.67686841193,-9.681574151707888,1.3240593171282455
2024-04-03,56895.16012746216,50000.0,106895.16012746215,119129.67686841193,-10.269915156794864,-0.6514075057898028
2024-04-05,56655.760530149026,50000.0,106655.76053014903,119129.67686841193,-10.470872301652696,-0.22395737751612632
2024-04-08,56923.14150694333,50000.0,106923.14150694333,119129.67686841193,-10.246426988089356,0.2506952980928956
2024-04-09,57484.81707980316,50000.0,107484.81707980315,119129.67686841193,-9.774944493026236,0.5253077724276745
2024-04-10,58445.396127755914,50000.0,108445.39612775591,119129.67686841193,-8.968613884899263,0.8936881264258734
2024-04-11,58643.330910005796,50000.0,108643.3309100058,119129.67686841193,-8.802463193104373,0.18252022613916008
2024-04-12,57223.49368057883,50000.0,107223.49368057883,119129.67686841193,-9.994304946352212,-1.306879324790844
2024-04-15,56829.254556735075,50000.0,106829.25455673508,119129.67686841193,-10.3252377031658,-0.36767979694655173
2024-04-16,55878.07174555306,50000.0,105878.07174555305,119129.67686841193,-11.123680909078864,-0.890376718557806
2024-04-17,55889.047047780135,50000.0,105889.04704778013,119129.67686841193,-11.114468005530744,0.010365982347559921
2024-04-18,56289.227785811505,50000.0,106289.2277858115,119129.67686841193,-10.778547730624432,0.37792458161494125
2024-04-19,55728.49144446,50000.0,105728.49144446,119129.67686841193,-11.249241814661003,-0.5275570751924752
2024-04-22,57246.98254387218,50000.0,107246.98254387217,119129.67686841193,-9.974587891869398,1.4362175026490842
2024-04-23,59188.06755046617,50000.0,109188.06755046616,119129.67686841193,-8.345199600370826,1.809920391746167
2024-04-24,60287.38833050617,50000.0,110287.38833050616,119129.67686841193,-7.42240621341798,1.006814027120595
2024-04-25,60415.99548846284,50000.0,110415.99548846284,119129.67686841193,-7.314450612985408,0.1166109379354241
2024-04-26,60991.601965914,50000.0,110991.601965914,119129.67686841193,-6.831274218503146,0.5213071483934684
2024-04-29,61057.74769799977,50000.0,111057.74769799976,119129.67686841193,-6.775750075548556,0.0595952584827808
2024-04-30,60655.63264305264,50000.0,110655.63264305264,119129.67686841193,-7.113294057466082,-0.36207744464672453
2024-05-02,62663.22358328319,50000.0,112663.2235832832,119129.67686841193,-5.428079262123275,1.8142690907624548
2024-05-03,63093.67648465773,50000.0,113093.67648465773,119129.67686841193,-5.066747885517593,0.3820704642419015
2024-05-06,63575.79977852534,50000.0,113575.79977852534,119129.67686841193,-4.662043275766864,0.4263043777987141
2024-05-07,63306.505459070046,50000.0,113306.50545907005,119129.67686841193,-4.88809469010315,-0.23710536926037085
2024-05-08,62736.63376351213,50000.0,112736.63376351213,119129.67686841193,-5.366457185946552,-0.5029470225465293
2024-05-09,62743.1411195533,50000.0,112743.1411195533,119129.67686841193,-5.3609947720357365,0.005772175222840126
2024-05-10,63930.2024889021,50000.0,113930.2024889021,119129.67686841193,-4.3645500568704305,1.0528900982899048
2024-05-13,64479.87518507583,50000.0,114479.87518507583,119129.67686841193,-3.9031430333452293,0.4824644248545784
2024-05-14,64063.622736606194,50000.0,114063.6227366062,119129.67686841193,-4.252554245909347,-0.3636031641340409
2024-05-16,65282.62706342181,50000.0,115282.62706342181,119129.67686841193,-3.229295928704222,1.0687056026885244
2024-05-17,65687.7802932085,50000.0,115687.7802932085,119129.67686841193,-2.889201637812946,0.3514434395772481
2024-05-20,65560.81051108745,50000.0,115560.81051108745,119129.67686841193,-2.9957827899311584,-0.10975211193373635
2024-05-21,65005.1335232969,50000.0,115005.1335232969,119129.67686841193,-3.462229944324379,-0.48085244931475035
2024-05-22,65245.3815891429,50000.0,115245.3815891429,119129.67686841193,-3.260560576823811,0.20890203635763882
2024-05-23,64554.25103704688,50000.0,114554.25103704688,119129.67686841193,-3.8407103516439203,-0.599703469732038
2024-05-24,63789.10963750695,50000.0,113789.10963750695,119129.67686841193,-4.482986415554588,-0.6679292934248959
2024-05-27,64355.21658786082,50000.0,114355.21658786082,119129.67686841193,-4.007784127396631,0.49750538707729053
2024-05-28,64411.12673536866,50000.0,114411.12673536866,119129.67686841193,-3.9608519531663657,0.048891645852355836
2024-05-29,62813.77456072016,50000.0,112813.77456072017,119129.67686841193,-5.301703550046707,-1.3961510739625371
2024-05-30,61622.93353777406,50000.0,111622.93353777405,119129.67686841193,-6.301320987321797,-1.0555812245296003
2024-05-31,60875.93645097995,50000.0,110875.93645097995,119129.67686841193,-6.928366326846404,-0.6692147062604348
2024-06-03,61758.92129374291,50000.0,111758.92129374291,119129.67686841193,-6.187169954981576,0.7963719369832312
2024-06-04,62457.30612199424,50000.0,112457.30612199425,119129.67686841193,-5.6009307855236115,0.6249029788107263
2024-06-05,62420.85549569294,50000.0,112420.85549569293,119129.67686841193,-5.631528221241984,-0.032412857428554265
2024-06-06,62388.587612722986,50000.0,112388.58761272299,119129.67686841193,-5.658614572702154,-0.02870275522069976
2024-06-07,61581.24814204826,50000.0,111581.24814204825,119129.67686841193,-6.336312600513063,-0.7183464867951961
2024-06-11,61376.284595158344,50000.0,111376.28459515834,119129.67686841193,-6.5083633877541835,-0.18368995714134195
2024-06-12,60455.19084309475,50000.0,110455.19084309475,119129.67686841193,-7.281549193572337,-0.8270106651624087
2024-06-13,61143.04608441038,50000.0,111143.04608441038,119129.67686841193,-6.704148784709128,0.6227459624715603
2024-06-14,60631.50903407312,50000.0,110631.50903407313,119129.67686841193,-7.133543931060686,-0.46025106235504376
2024-06-17,60715.521435520204,50000.0,110715.5214355202,119129.67686841193,-7.063022123518241,0.07593894558666214
2024-06-18,60828.05070520646,50000.0,110828.05070520646,119129.67686841193,-6.968562646547982,0.10163820594188966
2024-06-19,61994.567090492535,50000.0,111994.56709049254,119129.67686841193,-5.989363830643714,1.0525461540318082
2024-06-20,61597.308989948084,50000.0,111597.30898994808,119129.67686841193,-6.322830781102461,-0.35471193903848786
2024-06-21,60470.38437973741,50000.0,110470.3843797374,119129.67686841193,-7.2687954137904685,-1.0098134268741066
2024-06-24,60652.30044128662,50000.0,110652.30044128661,119129.67686841193,-7.11609117893373,0.16467405501541243
2024-06-25,60643.462805088406,50000.0,110643.4628050884,119129.67686841193,-7.12350967987365,-0.007986852657348997
2024-06-26,60738.60803392186,50000.0,110738.60803392186,119129.67686841193,-7.043642738793511,0.08599263473980656
2024-06-27,59862.18697836785,50000.0,109862.18697836786,119129.67686841193,-7.779329327217721,-0.7914322485302883
2024-06-28,59823.477497422,50000.0,109823.47749742199,119129.67686841193,-7.811822893861592,-0.03523458071473806
2024-07-02,60266.27548666709,50000.0,110266.27548666709,119129.67686841193,-7.440128786326823,0.4031906467863333
2024-07-03,61060.18499985305,50000.0,111060.18499985305,119129.67686841193,-6.773704152217473,0.7199930438223312
2024-07-04,61379.68260872334,50000.0,111379.68260872335,119129.67686841193,-6.505511022454176,0.28767970165970436
2024-07-05,60406.29149143911,50000.0,110406.2914914391,119129.67686841193,-7.322596355741394,-0.8739395682278661
2024-07-08,59676.037733815385,50000.0,109676.03773381538,119129.67686841193,-7.935586986472597,-0.6614240436473184
2024-07-09,59189.129382265935,50000.0,109189.12938226594,119129.67686841193,-8.344308276036129,-0.44395144245744644
2024-07-10,59107.76224303334,50000.0,109107.76224303334,119129.67686841193,-8.412609593870197,-0.07451945051024644
2024-07-11,59919.37868715808,50000.0,109919.37868715808,119129.67686841193,-7.7313213830230945,0.7438668225244083
2024-07-12,61695.75930848533,50000.0,111695.75930848533,119129.67686841193,-6.2401894769998805,1.6160759299622685
2024-07-15,60970.85782781961,50000.0,110970.85782781961,119129.67686841193,-6.84868729192003,-0.6489964213087673
2024-07-16,60532.78946630705,50000.0,110532.78946630705,119129.67686841193,-7.216411248727569,-0.3947598226124005
2024-07-17,60690.57479127777,50000.0,110690.57479127777,119129.67686841193,-7.083962870524535,0.1427497901143937
2024-07-18,61109.41043274742,50000.0,111109.41043274742,119129.67686841193,-6.732383270478878,0.3783841959980938
2024-07-19,60081.358288751464,50000.0,110081.35828875146,119129.67686841193,-7.595352239270357,-0.9252610917400372
2024-07-22,60817.89640130703,50000.0,110817.89640130702,119129.67686841193,-6.97708638653148,0.6690852329633845
2024-07-23,60487.07468146531,50000.0,110487.07468146531,119129.67686841193,-7.254785217366997,-0.29852734132734815
2024-07-24,59821.68135441153,50000.0,109821.68135441153,119129.67686841193,-7.813330614739947,-0.6022363511497764
2024-07-25,58876.460229782555,50000.0,108876.46022978256,119129.67686841193,-8.606769453387212,-0.8606871730351573
2024-07-26,58577.770546913074,50000.0,108577.77054691307,119129.67686841193,-8.857495964799993,-0.2743381647778653
2024-07-29,59387.781776177275,50000.0,109387.78177617727,119129.67686841193,-8.177555205656557,0.7460193971418949
2024-07-30,58722.55007779322,50000.0,108722.55007779322,119129.67686841193,-8.735964928465474,-0.6081407700041064
2024-07-31,60325.90406069988,50000.0,110325.90406069989,119129.67686841193,-7.390075285301494,1.474720728827128
2024-08-01,60140.58414301892,50000.0,110140.58414301892,119129.67686841193,-7.545636789833797,-0.16797498217554496
2024-08-02,58754.407142202086,50000.0,108754.40714220208,119129.67686841193,-8.709223426896516,-1.2585524324229769
2024-08-05,58321.44005017628,50000.0,108321.44005017629,119129.67686841193,-9.072665268935623,-0.3981145255655405
2024-08-06,58286.33197800799,50000.0,108286.33197800799,119129.67686841193,-9.10213573598564,-0.03241100944746389
2024-08-07,58988.10682023645,50000.0,108988.10682023645,119129.67686841193,-8.513050916252912,0.6480733342883793
2024-08-08,58623.08295285292,50000.0,108623.08295285291,119129.67686841193,-8.819459761621257,-0.3349208257976355
2024-08-09,59228.232302699515,50000.0,109228.23230269951,119129.67686841193,-8.311484447867123,0.5571093485804202
2024-08-12,59194.65096214145,50000.0,109194.65096214146,119129.67686841193,-8.339673343733221,-0.030744194838738803
2024-08-13,59364.642295920945,50000.0,109364.64229592094,119129.67686841193,-8.19697898054171,0.1556773452560556
2024-08-14,60438.047406909245,50000.0,110438.04740690925,119129.67686841193,-7.295939760756063,0.9814919049283333
2024-08-15,60263.9060295963,50000.0,110263.9060295963,119129.67686841193,-7.442117759295671,-0.15768241235859515
2024-08-16,61050.341703216254,50000.0,111050.34170321625,119129.67686841193,-6.781966826049512,0.7132303778617066
2024-08-19,60986.5915539681,50000.0,110986.5915539681,119129.67686841193,-6.835480065507528,-0.057406531371628766
2024-08-20,61002.4657965039,50000.0,111002.46579650391,119129.67686841193,-6.822154886632627,0.01430284713994645
2024-08-21,60668.93211724316,50000.0,110668.93211724315,119129.67686841193,-7.102130194237271,-0.3004741172797143
2024-08-22,60890.31888142182,50000.0,110890.31888142182,119129.67686841193,-6.9162934069662025,0.20004418579202543
2024-08-23,61306.687732667124,50000.0,111306.68773266712,119129.67686841193,-6.5667844834213,0.3754780899228427
2024-08-26,61631.58225917406,50000.0,111631.58225917406,119129.67686841193,-6.294061065506042,0.2918912898452808
2024-08-27,62046.47534134268,50000.0,112046.47534134268,119129.67686841193,-5.945790934103852,0.371662815998941
2024-08-28,61534.34953787428,50000.0,111534.34953787428,119129.67686841193,-6.375680292432325,-0.4570655184897521
2024-08-29,62710.12899141266,50000.0,112710.12899141267,119129.67686841193,-5.388705858818165,1.0541859601190584
2024-08-30,63594.41870636732,50000.0,113594.41870636732,119129.67686841193,-4.646414149312887,0.7845698721736127
2024-09-02,63014.808949385915,50000.0,113014.80894938592,119129.67686841193,-5.132950982298363,-0.5102449253951868
2024-09-03,62811.0485182736,50000.0,112811.0485182736,119129.67686841193,-5.303991848410493,-0.18029533740446801
2024-09-04,62394.097166379026,50000.0,112394.09716637903,119129.67686841193,-5.6539897354652275,-0.3696015216337889
2024-09-05,62887.86274003246,50000.0,112887.86274003246,119129.67686841193,-5.2395123469310185,0.4393162862659006
2024-09-09,62471.96220057597,50000.0,112471.96220057597,119129.67686841193,-5.588628159539058,-0.3684191810896964
2024-09-10,62716.93415659215,50000.0,112716.93415659215,119129.67686841193,-5.382993457543882,0.21780713274950347
2024-09-11,62221.156331114296,50000.0,112221.1563311143,119129.67686841193,-5.799159973319357,-0.4398432490978599
2024-09-12,62857.373098525546,50000.0,112857.37309852554,119129.67686841193,-5.265106004454829,0.5669312170817786
2024-09-13,63438.526133572785,50000.0,113438.52613357278,119129.67686841193,-4.777273710836527,0.5149446767114485
2024-09-16,63778.424840933614,50000.0,113778.42484093361,119129.67686841193,-4.491955462440475,0.29963251370226374
2024-09-17,64559.97490317405,50000.0,114559.97490317405,119129.67686841193,-3.83590561593269,0.686905327906473
2024-09-19,65582.63902790187,50000.0,115582.63902790187,119129.67686841193,-2.9774594658122386,0.8926888519242171
2024-09-20,66163.08635852585,50000.0,116163.08635852585,119129.67686841193,-2.4902195555880793,0.5021924879945461
2024-09-23,66018.00926785728,50000.0,116018.00926785728,119129.67686841193,-2.6120003699764314,-0.124890871288319
2024-09-24,67845.9948367632,50000.0,117845.9948367632,119129.67686841193,-1.0775501666697676,1.575605012050807
2024-09-25,68337.4562864361,50000.0,118337.4562864361,119129.67686841193,-0.665006909110392,0.4170370408885349
2024-09-26,70481.40665395408,50000.0,120481.40665395408,120481.40665395408,0.0,1.8117259190771673
2024-09-27,72100.20121363169,50000.0,122100.20121363169,122100.20121363169,0.0,1.343605295319228
2024-09-30,72853.2415312623,50000.0,122853.2415312623,122853.2415312623,0.0,0.6167396205294162
2024-10-02,77114.45245707933,50000.0,127114.45245707933,127114.45245707933,0.0,3.468537641094871
2024-10-03,76731.26937545079,50000.0,126731.26937545079,127114.45245707933,-0.3014472974722679,-0.30144729747226817
2024-10-04,78479.3948949531,50000.0,128479.3948949531,128479.3948949531,0.0,1.3793955731030927
2024-10-07,79376.34057361673,50000.0,129376.34057361673,129376.34057361673,0.0,0.6981241462080234
2024-10-08,72479.44189601584,50000.0,122479.44189601584,129376.34057361673,-5.330880937752661,-5.330880937752658
2024-10-09,72095.93240234612,50000.0,122095.93240234612,129376.34057361673,-5.6273103250497085,-0.3131215228718176
2024-10-10,73827.89105193158,50000.0,123827.89105193158,129376.34057361673,-4.2886121968552775,1.4185228086698976
2024-10-14,72881.13859540284,50000.0,122881.13859540284,129376.34057361673,-5.020393952569748,-0.7645712516671122
2024-10-15,70563.58183679679,50000.0,120563.58183679679,129376.34057361673,-6.811723610164547,-1.886015042745337
2024-10-16,71032.43734090804,50000.0,121032.43734090804,129376.34057361673,-6.449326975638877,0.38888650865227525
2024-10-17,70602.06565926,50000.0,120602.06565926,129376.34057361673,-6.781977968656536,-0.3555837518464777
2024-10-18,72888.71406031784,50000.0,122888.71406031784,129376.34057361673,-5.014538581424285,1.89602755853151
2024-10-21,72419.72478844227,50000.0,122419.72478844227,129376.34057361673,-5.377038610251976,-0.38163738262032565
2024-10-22,72364.37967852748,50000.0,122364.37967852748,129376.34057361673,-5.419816995905342,-0.04520930757722086
2024-10-23,73646.3340330236,50000.0,123646.3340330236,129376.34057361673,-4.428944670399526,1.0476532123678828
2024-10-24,73074.54103149315,50000.0,123074.54103149315,129376.34057361673,-4.870905695881683,-0.4624423408927991
2024-10-25,72979.6317302209,50000.0,122979.6317302209,129376.34057361673,-4.944264782134582,-0.07711529978239318
2024-10-28,73116.5129253496,50000.0,123116.5129253496,129376.34057361673,-4.8384639884795755,0.11130395595018161
2024-10-29,74013.43472911793,50000.0,124013.43472911793,129376.34057361673,-4.145198280242936,0.7285146260698427
2024-10-30,73560.78859939345,50000.0,123560.78859939345,129376.34057361673,-4.495066059558367,-0.364997655869459
2024-10-31,72695.5708004358,50000.0,122695.5708004358,129376.34057361673,-5.163826510751779,-0.7002365465332505
2024-11-01,73147.65562192093,50000.0,123147.65562192093,129376.34057361673,-4.814392588381803,0.36846058788906344
2024-11-04,73245.89646908092,50000.0,123245.89646908092,129376.34057361673,-4.738458420879135,0.07977484156223014
2024-11-05,74305.50300639073,50000.0,124305.50300639073,129376.34057361673,-3.9194473616608687,0.8597499532778663
2024-11-06,73203.2339538956,50000.0,123203.2339538956,129376.34057361673,-4.771433936337501,-0.8867419589931314
2024-11-07,75410.74708568589,50000.0,125410.74708568589,129376.34057361673,-3.0651612731884126,1.791765573796833
2024-11-08,74174.88954083371,50000.0,124174.88954083371,129376.34057361673,-4.020403583623802,-0.9854478771327169
2024-11-11,72812.14861068262,50000.0,122812.14861068262,129376.34057361673,-5.073718992074141,-1.0974367967550913
2024-11-12,70964.9787937843,50000.0,120964.9787937843,129376.34057361673,-6.501468307527417,-1.50406115176267
2024-11-13,71371.01229428948,50000.0,121371.01229428948,129376.34057361673,-6.187629240272197,0.3356620276000477
2024-11-14,70239.75488200468,50000.0,120239.75488200468,129376.34057361673,-7.062022044450409,-0.9320655656573362
2024-11-15,70602.76535721462,50000.0,120602.76535721462,129376.34057361673,-6.781437144923602,0.30190553495903494
2024-11-18,71055.45287703139,50000.0,121055.45287703139,129376.34057361673,-6.431537373597805,0.37535417904883683
2024-11-19,71945.31093358308,50000.0,121945.31093358308,129376.34057361673,-5.7437315100169375,0.7350830015526943
2024-11-20,72544.28186410997,50000.0,122544.28186410997,129376.34057361673,-5.280763607329916,0.4911799608704248
2024-11-21,72218.34944920761,50000.0,122218.34944920761,129376.34057361673,-5.532689433533742,-0.26597113300136366
2024-11-22,70943.54301403704,50000.0,120943.54301403704,129376.34057361673,-6.518036854490658,-1.0430564975845602
2024-11-25,70259.39982330914,50000.0,120259.39982330914,129376.34057361673,-7.046837706095066,-0.5656715304334203
2024-11-26,70224.35122772216,50000.0,120224.35122772216,129376.34057361673,-7.073928127289224,-0.029144163066230355
2024-11-27,71795.27345919986,50000.0,121795.27345919986,129376.34057361673,-5.859701303039371,1.3066589384226779
2024-11-28,71124.23872138714,50000.0,121124.23872138714,129376.34057361673,-6.378370122112122,-0.5509530203875346
2024-11-29,70871.63105766894,50000.0,120871.63105766894,129376.34057361673,-6.573620399402552,-0.2085525295223989
2024-12-02,70920.07680044093,50000.0,120920.07680044093,129376.34057361673,-6.536174802659596,0.040080325174796094
2024-12-03,71360.46784030319,50000.0,121360.46784030319,129376.34057361673,-6.195779458418378,0.3642000993673289
2024-12-04,71694.02875285498,50000.0,121694.02875285498,129376.34057361673,-5.937957270008284,0.2748513733407121
2024-12-05,71180.0585386013,50000.0,121180.0585386013,129376.34057361673,-6.335224816744334,-0.4223462889025531
2024-12-06,71656.07626017235,50000.0,121656.07626017235,129376.34057361673,-5.967292226086309,0.3928185274967744
2024-12-09,72853.29367591947,50000.0,122853.29367591947,129376.34057361673,-5.041916372635048,0.984099974740893
2024-12-10,73038.46413239748,50000.0,123038.46413239748,129376.34057361673,-4.898790932808093,0.1507248612857559
2024-12-11,72516.4865008632,50000.0,122516.4865008632,129376.34057361673,-5.302247723454651,-0.42423939149028866
2024-12-12,73333.0063548314,50000.0,123333.0063548314,129376.34057361673,-4.671127805896315,0.666457125313058
2024-12-13,72001.37154621292,50000.0,122001.37154621292,129376.34057361673,-5.700400084517282,-1.0797067613736333
2024-12-16,71538.02444286524,50000.0,121538.02444286524,129376.34057361673,-6.058539062087165,-0.3797884380112637
2024-12-17,70972.30335940619,50000.0,120972.30335940619,129376.34057361673,-6.495806866193241,-0.4654683882285737
2024-12-18,71402.54258308913,50000.0,121402.54258308913,129376.34057361673,-6.1632582550829,0.35565101410421907
2024-12-19,70362.3197944923,50000.0,120362.3197944923,129376.34057361673,-6.967286861847312,-0.8568377288184825
2024-12-20,70004.91958185578,50000.0,120004.91958185578,129376.34057361673,-7.243535371468093,-0.2969369593796012
2024-12-23,70205.41281033313,50000.0,120205.41281033313,129376.34057361673,-7.088566365861331,0.16707084107547843
2024-12-24,70381.34619302653,50000.0,120381.34619302653,129376.34057361673,-6.95258061922994,0.14636061603232609
2024-12-27,70319.86802648309,50000.0,120319.86802648309,129376.34057361673,-7.000099482625571,-0.05106951241836688
2024-12-30,70371.34061993941,50000.0,120371.34061993941,129376.34057361673,-6.960314315393214,0.04277979547400168
2024-12-31,70502.51707348839,50000.0,120502.51707348839,129376.34057361673,-6.85892293813878,0.10897648300118856
2025-01-02,69344.12249608981,50000.0,119344.12249608981,129376.34057361673,-7.754291111533231,-0.9613032204896843
2025-01-03,69467.06396977718,50000.0,119467.06396977718,129376.34057361673,-7.659264870149151,0.10301426757852727
2025-01-06,69102.55831148839,50000.0,119102.55831148839,129376.34057361673,-7.941005454766617,-0.3051097483914078
2025-01-07,68379.26927835023,50000.0,118379.26927835023,129376.34057361673,-8.500063648816097,-0.6072825331312814
2025-01-08,68692.91694081607,50000.0,118692.91694081607,129376.34057361673,-8.257633185042568,0.26495151083281154
2025-01-09,68059.7600377774,50000.0,118059.7600377774,129376.34057361673,-8.747024754035342,-0.5334411853357479
2025-01-10,67638.3098952506,50000.0,117638.3098952506,129376.34057361673,-9.07277994285752,-0.3569803482507128
2025-01-13,66815.85533925946,50000.0,116815.85533925946,129376.34057361673,-9.708487022177135,-0.69913836463944
2025-01-14,68101.48287524431,50000.0,118101.48287524431,129376.34057361673,-8.714775551992744,1.100559108394239
2025-01-15,68168.44888433353,50000.0,118168.44888433353,129376.34057361673,-8.66301492188657,0.05670208998134196
2025-01-16,68950.33787875509,50000.0,118950.33787875509,129376.34057361673,-8.058662541107443,0.6616732315636087
2025-01-17,69358.28743583936,50000.0,119358.28743583936,129376.34057361673,-7.743342479281965,0.34295788003568806
2025-01-20,70878.2765702772,50000.0,120878.2765702772,129376.34057361673,-6.568483824524337,1.273467613428103
2025-01-21,71959.62102725534,50000.0,121959.62102725534,129376.34057361673,-5.7326706826594656,0.8945730264027008
2025-01-22,71043.30223497553,50000.0,121043.30223497553,129376.34057361673,-6.440929076904597,-0.7513296487490995
2025-01-23,70434.63278418152,50000.0,120434.63278418152,129376.34057361673,-6.9113933427010705,-0.502852648230323
2025-01-24,70947.14638535959,50000.0,120947.14638535959,129376.34057361673,-6.515251668801704,0.42555333904368275
2025-01-27,70914.92713220073,50000.0,120914.92713220073,129376.34057361673,-6.540155181311036,-0.02663911809560604
2025-01-28,70561.90003919098,50000.0,120561.90003919098,129376.34057361673,-6.813023536873211,-0.29196320204847304
2025-02-03,70177.34496567225,50000.0,120177.34496567225,129376.34057361673,-7.1102610934571455,-0.31896898887104896
2025-02-04,71069.92568372283,50000.0,121069.92568372283,129376.34057361673,-6.420350779026284,0.742719618498433
2025-02-05,70976.44535868676,50000.0,120976.44535868676,129376.34057361673,-6.492605354029417,-0.07721184638393996
2025-02-06,70979.58989156566,50000.0,120979.58989156566,129376.34057361673,-6.490174822399789,0.002599293498484201
2025-02-07,71509.86245405457,50000.0,121509.86245405457,129376.34057361673,-6.080306557353922,0.4383157216553579
2025-02-10,72460.49022701805,50000.0,122460.49022701805,129376.34057361673,-5.345529419008016,0.7823461847164204
2025-02-11,72199.76433063492,50000.0,122199.76433063492,129376.34057361673,-5.547054593724772,-0.2129061347866501
2025-02-12,72936.40444319208,50000.0,122936.40444319208,129376.34057361673,-4.977676831692618,0.6028163119562446
2025-02-13,72850.67805631847,50000.0,122850.67805631847,129376.34057361673,-5.043938086643498,-0.06973230367511851
2025-02-14,73631.71019973741,50000.0,123631.71019973741,129376.34057361673,-4.440247999293623,0.6357572915152154
2025-02-17,73860.23616323968,50000.0,123860.23616323968,129376.34057361673,-4.26361140369272,0.18484413354233897
2025-02-18,74678.49336859923,50000.0,124678.49336859923,129376.34057361673,-3.6311486197465688,0.6606294568025417
2025-02-19,74751.37813824788,50000.0,124751.37813824788,129376.34057361673,-3.574813149655594,0.05845817324177105
2025-02-20,73363.53259535917,50000.0,123363.53259535917,129376.34057361673,-4.647532888624411,-1.112489147294804
2025-02-21,74495.69383839879,50000.0,124495.69383839879,129376.34057361673,-3.7724414785412774,0.9177438577032238
2025-02-24,75130.01998943857,50000.0,125130.01998943857,129376.34057361673,-3.2821461523422446,0.5095165394741752
2025-02-25,74448.20503781618,50000.0,124448.20503781618,129376.34057361673,-3.8091474174881172,-0.5448851935610177
2025-02-26,76552.89863751619,50000.0,126552.89863751619,129376.34057361673,-2.182347965309754,1.6912205355315901
2025-02-27,76708.65890094695,50000.0,126708.65890094695,129376.34057361673,-2.061954806297712,0.12307917488076914
2025-02-28,75062.17322068576,50000.0,125062.17322068576,129376.34057361673,-3.334587555810611,-1.299426333245557
2025-03-03,75550.90201870077,50000.0,125550.90201870077,129376.34057361673,-2.9568300803339245,0.39078866569237647
2025-03-04,76001.21530693868,50000.0,126001.21530693868,129376.34057361673,-2.6087654448361532,0.3586698948374156
2025-03-05,77776.04994474586,50000.0,127776.04994474586,129376.34057361673,-1.2369267995799367,1.4085853326760933
2025-03-06,78881.0403795581,50000.0,128881.0403795581,129376.34057361673,-0.38283676278261103,0.8647868166922201
2025-03-07,78443.60155716276,50000.0,128443.60155716276,129376.34057361673,-0.7209502234477164,-0.3394128578626199
2025-03-10,77694.22588687541,50000.0,127694.22588687541,129376.34057361673,-1.3001717928357814,-0.5834277933680077
2025-03-11,76553.470754999,50000.0,126553.470754999,129376.34057361673,-2.1819057534800868,-0.8933490327800886
2025-03-12,75949.37869053207,50000.0,125949.37869053207,129376.34057361673,-2.6488319795493642,-0.4773413647709557
2025-03-13,75322.97535476917,50000.0,125322.97535476917,129376.34057361673,-3.1330034540134126,-0.4973453162496644
2025-03-14,76223.25264333727,50000.0,126223.25264333727,129376.34057361673,-2.4371441612118545,0.718365715479985
2025-03-17,77572.00013889607,50000.0,127572.00013889607,129376.34057361673,-1.3946448220136316,1.0685412293802043
2025-03-18,78415.53496011361,50000.0,128415.53496011361,129376.34057361673,-0.7426439867159573,0.6612225412309325
2025-03-19,79067.05754901987,50000.0,129067.05754901987,129376.34057361673,-0.23905686559505013,0.5073549622392814
2025-03-20,77555.07482381343,50000.0,127555.07482381343,129376.34057361673,-1.4077270556025543,-1.1714706710751366
2025-03-21,76743.31835951538,50000.0,126743.31835951538,129376.34057361673,-2.0351651642234607,-0.6363968391060015
2025-03-24,76862.38968875121,50000.0,126862.38968875121,129376.34057361673,-1.94313030784408,0.09394682952679201
2025-03-25,75405.94467773403,50000.0,125405.94467773403,129376.34057361673,-3.0688732408716524,-1.148051061146227
2025-03-26,76439.55808281706,50000.0,126439.55808281706,129376.34057361673,-2.269953283404707,0.8242140416382826
2025-03-27,76772.99836002036,50000.0,126772.99836002036,129376.34057361673,-2.0122243387422474,0.26371515549341584
2025-03-28,76638.83663754174,50000.0,126638.83663754174,129376.34057361673,-2.1159231463324013,-0.10582831061359821
2025-03-31,76122.5981446121,50000.0,126122.5981446121,129376.34057361673,-2.514943933781473,-0.4076462692145455
2025-04-01,76554.80260770679,50000.0,126554.80260770679,129376.34057361673,-2.1808763127787274,0.34268598130140493
2025-04-02,76993.39807661006,50000.0,126993.39807661006,129376.34057361673,-1.8418688350910282,0.3465656457644073
2025-04-03,76415.70582975738,50000.0,126415.70582975738,129376.34057361673,-2.28838961647297,-0.4548994322556621
2025-04-07,68173.38577321317,50000.0,118173.38577321317,129376.34057361673,-8.65919900866955,-6.520012685483911
2025-04-08,68422.38057958707,50000.0,118422.38057958707,129376.34057361673,-8.466741249182823,0.2107029469831323
2025-04-09,68017.77610198413,50000.0,118017.77610198413,129376.34057361673,-8.779475769118267,-0.3416621719836366
2025-04-10,69936.11831150707,50000.0,119936.11831150707,129376.34057361673,-7.296714546303043,1.6254688682366236
2025-04-11,69832.77848778896,50000.0,119832.77848778896,129376.34057361673,-7.376589910886653,-0.08616238808871746
2025-04-14,71552.50417302545,50000.0,121552.50417302545,129376.34057361673,-6.047347116097652,1.4351045740057966
2025-04-15,72125.7004468196,50000.0,122125.7004468196,129376.34057361673,-5.604301446964667,0.4715627026311342
2025-04-16,71329.2751685171,50000.0,121329.2751685171,129376.34057361673,-6.219889486301213,-0.6521356892027041
2025-04-17,71465.24696731409,50000.0,121465.24696731409,129376.34057361673,-6.114791600401725,0.11206841762478881
2025-04-22,71696.64949343886,50000.0,121696.64949343886,129376.34057361673,-5.935931597793209,0.19050924597967533
2025-04-23,73570.84682369878,50000.0,123570.84682369878,129376.34057361673,-4.487291667222998,1.5400566392429482
2025-04-24,73096.06223955871,50000.0,123096.06223955871,129376.34057361673,-4.854271118052273,-0.38422054743822986
2025-04-25,73000.25711670649,50000.0,123000.25711670649,129376.34057361673,-4.928322619607697,-0.07782955937759573
2025-04-28,73391.8664544263,50000.0,123391.8664544263,129376.34057361673,-4.625632548159138,0.3183809098449508
2025-04-29,74426.88191381482,50000.0,124426.88191381482,129376.34057361673,-3.8256288884485845,0.8388036336015592
2025-04-30,74093.15431946225,50000.0,124093.15431946225,129376.34057361673,-4.083579911698218,-0.26821181180425313
2025-05-02,74067.75580287649,50000.0,124067.75580287649,129376.34057361673,-4.103211411919316,-0.020467298720094895
2025-05-06,74964.99602655573,50000.0,124964.99602655573,129376.34057361673,-3.4096995845626754,0.7231856640534495
2025-05-07,75425.16099794737,50000.0,125425.16099794737,129376.34057361673,-3.0540202004098975,0.3682350946450974
2025-05-08,75717.37364857488,50000.0,125717.37364857488,129376.34057361673,-2.828157690052962,0.23297769626327014
2025-05-09,75024.9761265137,50000.0,125024.9761265137,129376.34057361673,-3.363338635031996,-0.5507572278726336
2025-05-12,76282.8843260579,50000.0,126282.8843260579,129376.34057361673,-2.3910525169001957,1.0061255266878177
2025-05-13,75283.55285264697,50000.0,125283.55285264697,129376.34057361673,-3.16347463749828,-0.7913435607241004
2025-05-14,75979.70645587244,50000.0,125979.70645587244,129376.34057361673,-2.6253904714607144,0.5556624052993175
2025-05-15,74720.00736655155,50000.0,124720.00736655155,129376.34057361673,-3.5990608378783677,-0.999922229349004
2025-05-16,74347.67313074305,50000.0,124347.67313074305,129376.34057361673,-3.8868524342070985,-0.29853609189920416
2025-05-19,74455.43242578142,50000.0,124455.43242578142,129376.34057361673,-3.8035610885401887,0.08665967953020992
2025-05-20,75579.61276624676,50000.0,125579.61276624676,129376.34057361673,-2.934638428120933,0.9032794459460369
2025-05-21,75754.58276309544,50000.0,125754.58276309544,129376.34057361673,-2.799397319837211,0.13932993819176787
2025-05-22,75801.72353058684,50000.0,125801.72353058684,129376.34057361673,-2.762960389187924,0.03748632173525834
2025-05-23,76345.75700921025,50000.0,126345.75700921025,129376.34057361673,-2.342455777439492,0.43245312016026993
2025-05-26,75444.34955104589,50000.0,125444.34955104589,129376.34057361673,-3.039188622229961,-0.7134449778939955
2025-05-27,75915.3965663149,50000.0,125915.3965663149,129376.34057361673,-2.6750980835885634,0.3755027762947005
2025-05-28,75600.01114007666,50000.0,125600.01114007666,129376.34057361673,-2.918871732495242,-0.250474076116769
2025-05-29,76516.5145874635,50000.0,126516.5145874635,129376.34057361673,-2.210470611143891,0.7297001322433827
2025-05-30,76616.49706270776,50000.0,126616.49706270776,129376.34057361673,-2.133190271631305,0.07902721282693204
2025-06-02,76201.3446443124,50000.0,126201.3446443124,129376.34057361673,-2.4540777048008433,-0.32788177530275187
2025-06-03,76686.53763061609,50000.0,126686.53763061609,129376.34057361673,-2.07905319556485,0.3844594427033776
2025-06-04,76903.99926055386,50000.0,126903.99926055386,129376.34057361673,-1.9109686532338448,0.17165330587203265
2025-06-05,77247.72648660031,50000.0,127247.72648660031,129376.34057361673,-1.645288526154607,0.27085610228936297
2025-06-06,77145.30394650444,50000.0,127145.30394650444,129376.34057361673,-1.7244548865894098,-0.0804906640958003
2025-06-09,78319.22368356897,50000.0,128319.22368356897,129376.34057361673,-0.8170867141247141,0.9232898900917608
2025-06-10,78320.13037943657,50000.0,128320.13037943657,129376.34057361673,-0.8163858936628139,0.0007065939471750937
2025-06-11,78634.2614859274,50000.0,128634.2614859274,129376.34057361673,-0.573581757220191,0.2448026709152895
2025-06-12,78277.77614432483,50000.0,128277.77614432483,129376.34057361673,-0.8491231274753869,-0.27713094278662975
2025-06-13,77620.91306896792,50000.0,127620.91306896792,129376.34057361673,-1.3568381180560278,-0.5120630362486778
2025-06-16,78017.60519684908,50000.0,128017.60519684908,129376.34057361673,-1.0502193606214398,0.31083630287678243
2025-06-17,77226.99765964087,50000.0,127226.99765964087,129376.34057361673,-1.6613106418424812,-0.6175771965055254
2025-06-18,76746.67075941587,50000.0,126746.67075941587,129376.34057361673,-2.032573964097055,-0.37753535732248933
2025-06-19,75339.72733559343,50000.0,125339.72733559343,129376.34057361673,-3.1200551972069577,-1.1100436921874013
2025-06-20,76267.48701039213,50000.0,126267.48701039213,129376.34057361673,-2.402953700375866,0.7401960212619851
2025-06-23,76451.81804560781,50000.0,126451.81804560781,129376.34057361673,-2.2604770818547246,0.14598455990535442
2025-06-24,78149.31505245111,50000.0,128149.31505245111,129376.34057361673,-0.9484156961971156,1.3424061694637501
2025-06-25,79265.14855521172,50000.0,129265.14855521172,129376.34057361673,-0.08594463092093785,0.8707291976581377
2025-06-26,78913.35033277026,50000.0,128913.35033277026,129376.34057361673,-0.3578631446783134,-0.2721524141452547
2025-06-27,78619.5363114161,50000.0,128619.5363114161,129376.34057361673,-0.5849634166843677,-0.22791589900946763
2025-06-30,78014.61981574881,50000.0,128014.61981574881,129376.34057361673,-1.0525268776581964,-0.4703146294997129
2025-07-02,78397.52203407069,50000.0,128397.52203407069,129376.34057361673,-0.7565668770706079,0.29910819473040196
2025-07-03,78272.46834531084,50000.0,128272.46834531084,129376.34057361673,-0.853225731545384,-0.09739571821850701
2025-07-04,77809.37723640639,50000.0,127809.37723640639,129376.34057361673,-1.2111668410645144,-0.3610214373187315
2025-07-07,77641.70708822837,50000.0,127641.70708822837,129376.34057361673,-1.3407656127059278,-0.1311876732392525
2025-07-08,78242.1546047697,50000.0,128242.1546047697,129376.34057361673,-0.8766563993218395,0.4704163946399609
2025-07-09,77475.34010116344,50000.0,127475.34010116344,129376.34057361673,-1.4693571204942213,-0.5979426234450913
2025-07-10,78291.31630288907,50000.0,128291.31630288907,129376.34057361673,-0.8386574128754792,0.6401051380432232
2025-07-11,79104.27926590569,50000.0,129104.27926590569,129376.34057361673,-0.21028675452158138,0.633685105465176
2025-07-14,79547.88573244936,50000.0,129547.88573244936,129547.88573244936,0.0,0.3436032245143661
2025-07-15,79718.8796042332,50000.0,129718.8796042332,129718.8796042332,0.0,0.13199279233084837
2025-07-16,79420.79501447652,50000.0,129420.79501447652,129718.8796042332,-0.22979275697270857,-0.22979275697271317
2025-07-17,79595.22994085944,50000.0,129595.22994085944,129718.8796042332,-0.09532125450898517,0.13478121994492387
2025-07-18,80795.34049255739,50000.0,130795.34049255739,130795.34049255739,0.0,0.9260453121967549
2025-07-21,81885.29777665061,50000.0,131885.2977766506,131885.2977766506,0.0,0.8333303617610532
2025-07-22,82066.08474556006,50000.0,132066.08474556007,132066.08474556007,0.0,0.13707894053180958
2025-07-23,82539.42477457944,50000.0,132539.42477457944,132539.42477457944,0.0,0.3584114952232431
2025-07-24,83364.82570808932,50000.0,133364.82570808934,133364.82570808934,0.0,0.6227588017027497
2025-07-25,82320.38309860782,50000.0,132320.38309860782,133364.82570808934,-0.7831469834239525,-0.7831469834239546
2025-07-28,83087.54370718612,50000.0,133087.54370718612,133364.82570808934,-0.20791239326487274,0.5797750812182922
2025-07-29,83289.55162349227,50000.0,133289.55162349227,133364.82570808934,-0.05644223219833857,0.1517857424362612
2025-07-30,82227.27230110214,50000.0,132227.27230110214,133364.82570808934,-0.8529635913723499,-0.7969711875022156
2025-07-31,80485.9543677339,50000.0,130485.9543677339,133364.82570808934,-2.158643649155853,-1.3169128448804357
2025-08-01,80036.9843507637,50000.0,130036.9843507637,133364.82570808934,-2.4952916480464364,-0.34407535979306125
2025-08-04,80583.8868814382,50000.0,130583.8868814382,133364.82570808934,-2.0852116079978185,0.42057460299085303
2025-08-05,80457.42307899616,50000.0,130457.42307899616,133364.82570808934,-2.180037062738672,-0.09684487532283237
2025-08-06,80580.73575017918,50000.0,130580.73575017918,133364.82570808934,-2.0875743983679818,0.09452330750727711
2025-08-07,81515.55821401063,50000.0,131515.5582140106,133364.82570808934,-1.386623110149318,0.7158961530281838
2025-08-08,81346.91237606415,50000.0,131346.91237606417,133364.82570808934,-1.5130776209628212,-0.12823261387220342
2025-08-11,81494.3491376071,50000.0,131494.3491376071,133364.82570808934,-1.4025261612656195,0.11224988762643662
2025-08-12,81571.12450470607,50000.0,131571.12450470607,133364.82570808934,-1.3449582330721512,0.058386818599043266
2025-08-13,83709.41442276294,50000.0,133709.41442276293,133709.41442276293,0.0,1.6251969618002127
2025-08-14,83356.32268714752,50000.0,133356.32268714753,133709.41442276293,-0.26407395256327143,-0.2640739525632707
2025-08-15,82540.51341972282,50000.0,132540.51341972282,133709.41442276293,-0.8742099485562593,-0.6117514722857154
2025-08-18,81949.42584438353,50000.0,131949.42584438354,133709.41442276293,-1.316278727251507,-0.44596747069135523
2025-08-19,82483.71822533922,50000.0,132483.71822533922,133709.41442276293,-0.9166865345384692,0.40492209612628116
2025-08-20,82861.1344033688,50000.0,132861.1344033688,133709.41442276293,-0.6344205627227019,0.28487740462390665
2025-08-21,82864.06794682327,50000.0,132864.06794682326,133709.41442276293,-0.6322265934594958,0.002207977124091265
2025-08-22,83191.41863407339,50000.0,133191.4186340734,133709.41442276293,-0.38740412627320847,0.24638014800295593
2025-08-25,83571.59711724722,50000.0,133571.59711724723,133709.41442276293,-0.1030722526986347,0.2854376708895323
2025-08-26,82427.91804513475,50000.0,132427.91804513475,133709.41442276293,-0.9584189588747581,-0.8562292409430294
2025-08-27,81985.05844939947,50000.0,131985.05844939948,133709.41442276293,-1.289629440684985,-0.33441558417034445
2025-08-28,81150.61691286351,50000.0,131150.6169128635,133709.41442276293,-1.9137003336272236,-0.6322242429099512
2025-08-29,81217.98773793566,50000.0,131217.98773793568,133709.41442276293,-1.863314333985377,0.05136904930986841
2025-09-01,81576.56754452632,50000.0,131576.5675445263,133709.41442276293,-1.5951359053095409,0.2732703135996717
2025-09-02,81297.79646001355,50000.0,131297.79646001355,133709.41442276293,-1.8036261494080896,-0.21186985624809251
2025-09-03,80788.47510744358,50000.0,130788.47510744358,133709.41442276293,-2.184542747367,-0.38791310006872637
2025-09-04,80753.03961992444,50000.0,130753.03961992444,133709.41442276293,-2.211044611631467,-0.027093738565286962
2025-09-05,81329.6249708502,50000.0,131329.6249708502,133709.41442276293,-1.7798219087164027,0.4409728084347142
2025-09-08,81446.61272745764,50000.0,131446.61272745766,133709.41442276293,-1.6923278776397428,0.08907948730794146
2025-09-09,82194.30139519899,50000.0,132194.30139519897,133709.41442276293,-1.1331386305929578,0.5688154698147985
2025-09-10,83164.76197004961,50000.0,133164.7619700496,133709.41442276293,-0.4073403918973356,0.734116799747242
2025-09-11,83341.42213393669,50000.0,133341.4221339367,133709.41442276293,-0.27521793466443417,0.13266284659210204
2025-09-12,83702.39178184915,50000.0,133702.39178184915,133709.41442276293,-0.0052521663819264765,0.27071081299092636
2025-09-15,83527.44581453911,50000.0,133527.4458145391,133709.41442276293,-0.13609259229008672,-0.13084729822596675
2025-09-16,83438.64828933893,50000.0,133438.64828933892,133709.41442276293,-0.20250341727464433,-0.0665013283662419
2025-09-17,83557.86918077609,50000.0,133557.8691807761,133709.41442276293,-0.11333924588711579,0.08934509826468151
2025-09-18,83178.84355184963,50000.0,133178.84355184963,133709.41442276293,-0.3968089107291595,-0.28379131177470596
2025-09-19,83000.32524241602,50000.0,133000.325242416,133709.41442276293,-0.5303210573527206,-0.1340440453397762
2025-09-22,82520.46186838238,50000.0,132520.46186838238,133709.41442276293,-0.8892063131929631,-0.3607986470401392
2025-09-23,82252.37364166614,50000.0,132252.37364166614,133709.41442276293,-1.089706949497147,-0.20229949619591236
2025-09-24,82069.67522921963,50000.0,132069.67522921963,133709.41442276293,-1.226345355427826,-0.13814376817276042
2025-09-25,81697.63937047645,50000.0,131697.63937047645,133709.41442276293,-1.504587437594815,-0.28169665602454375
2025-09-26,81780.3449740138,50000.0,131780.3449740138,133709.41442276293,-1.4427327029118446,0.06279960972170873
2025-09-29,82884.43257806425,50000.0,132884.43257806427,133709.41442276293,-0.6169960793413022,0.8378241871108916
2025-09-30,82709.79450968378,50000.0,132709.7945096838,133709.41442276293,-0.7476062305669319,-0.1314210137277616
2025-10-02,83490.4641997987,50000.0,133490.4641997987,133709.41442276293,-0.16375079040578722,0.5882532581707345
2025-10-03,82763.01434183828,50000.0,132763.01434183828,133709.41442276293,-0.707803624008343,-0.5449451856513354
2025-10-06,81927.15192312917,50000.0,131927.15192312916,133709.41442276293,-1.3329371812209159,-0.6295898167519298
2025-10-08,81731.45086592817,50000.0,131731.45086592817,133709.41442276293,-1.479300141559835,-0.148340242587075
2025-10-09,80305.48810046741,50000.0,130305.48810046741,133709.41442276293,-2.5457641385915974,-1.082477082038713
2025-10-10,79853.77471309312,50000.0,129853.77471309312,133709.41442276293,-2.8835962870041665,-0.3466572236972887
2025-10-13,78920.699106609,50000.0,128920.699106609,133709.41442276293,-3.5814346632414034,-0.7185587084747591
2025-10-14,78058.84877036192,50000.0,128058.84877036192,133709.41442276293,-4.226004336938484,-0.6685119939773054
2025-10-15,79632.75061290419,50000.0,129632.75061290419,133709.41442276293,-3.048898110471961,1.2290457533041144
2025-10-16,79241.48153224048,50000.0,129241.48153224048,133709.41442276293,-3.341524536481572,-0.30182888106113914
2025-10-17,77694.33839176087,50000.0,127694.33839176087,133709.41442276293,-4.498618184044667,-1.1970948662435865
2025-10-20,78538.82166891213,50000.0,128538.82166891213,133709.41442276293,-3.867037168753426,0.6613318082751896
2025-10-21,78976.48451861544,50000.0,128976.48451861544,133709.41442276293,-3.5397132839000345,0.34049079026927664
2025-10-22,78705.30646810675,50000.0,128705.30646810675,133709.41442276293,-3.742524770046613,-0.2102538703243617
2025-10-23,79069.84346396133,50000.0,129069.84346396133,133709.41442276293,-3.4698910161495364,0.283233850925102
2025-10-24,79499.19296333197,50000.0,129499.19296333197,133709.41442276293,-3.1487846069829226,0.3326489657442977
