Next Price,Date,index,Random Forest,Fold,20-SMA Change,Close,Volume
continuous,time,continuous,continuous,discrete,continuous,continuous,continuous
class,meta,meta,meta,meta,,,
45.9504,2022/10/27 0:00,1233,45.1788,1,-0.0471043,45.5202,2508019
45.3481,2022/10/28 0:00,1234,46.205,1,-0.0331779,45.9504,2833663
46.2516,2022/10/31 0:00,1235,45.1788,1,-0.0400728,45.3481,2852074
47.8005,2022/11/1 0:00,1236,46.3682,1,-0.0163784,46.2516,2440874
45.8644,2022/11/2 0:00,1237,46.7518,1,0.0203894,47.8005,4999390
46.7249,2022/11/3 0:00,1238,45.1788,1,-0.0156518,45.8644,3112357
47.1121,2022/11/4 0:00,1239,46.4663,1,0.0069543,46.7249,2762385
47.8435,2022/11/7 0:00,1240,46.4843,1,0.0172798,47.1121,1965096
47.1982,2022/11/8 0:00,1241,46.6537,1,0.0346591,47.8435,2192777
46.6819,2022/11/9 0:00,1242,46.4843,1,0.02075,47.1982,2478036
48.0587,2022/11/10 0:00,1243,46.3682,1,0.0102892,46.6819,1841363
49.1773,2022/11/11 0:00,1244,46.8465,1,0.0384902,48.0587,4495762
49.6075,2022/11/14 0:00,1245,47.8628,1,0.0597564,49.1773,3365392
49.9948,2022/11/15 0:00,1246,47.5683,1,0.0649304,49.6075,2248769
50.1238,2022/11/16 0:00,1247,51.5967,1,0.0693909,49.9948,2805833
49.2203,2022/11/17 0:00,1248,51.5967,1,0.0672897,50.1238,2338281
49.3494,2022/11/18 0:00,1249,47.5683,1,0.0428917,49.2203,2373566
49.5215,2022/11/21 0:00,1250,47.5683,1,0.0410236,49.3494,1307632
48.704,2022/11/22 0:00,1251,47.5683,1,0.0392777,49.5215,2293658
49.3064,2022/11/23 0:00,1252,47.323,1,0.0188561,48.704,2490590
49.0912,2022/11/24 0:00,1253,47.5683,1,0.0273879,49.3064,1474633
48.4889,2022/11/25 0:00,1254,47.5683,1,0.0195691,49.0912,1582637
48.618,2022/11/28 0:00,1255,47.323,1,0.00378528,48.4889,2279161
48.704,2022/11/29 0:00,1256,47.4211,1,0.00399808,48.618,3244414
49.4785,2022/11/30 0:00,1257,47.3316,1,0.00483783,48.704,9137267
47.6775,2022/12/1 0:00,1258,47.6664,1,0.0170241,49.4785,3113630
48.2865,2022/12/2 0:00,1259,46.4929,1,-0.0209529,47.6775,7721379
48.678,2022/12/5 0:00,1260,47.4211,1,-0.00964113,48.2865,3484321
48.243,2022/12/6 0:00,1261,47.4211,1,-0.00246477,48.678,3183937
47.9385,2022/12/7 0:00,1262,47.4211,1,-0.0124366,48.243,2962024
49.0261,2022/12/8 0:00,1263,46.7518,1,-0.0199306,47.9385,3746003
49.4611,2022/12/9 0:00,1264,47.8628,1,0.00131309,49.0261,4462834
49.5046,2022/12/12 0:00,1265,47.5683,1,0.0099051,49.4611,2536935
49.7656,2022/12/13 0:00,1266,47.5683,1,0.0108996,49.5046,2145851
48.852,2022/12/14 0:00,1267,49.6876,1,0.0164673,49.7656,2271468
47.46,2022/12/15 0:00,1268,47.4211,1,-0.000893942,48.852,3585593
48.6345,2022/12/16 0:00,1269,46.4929,1,-0.0276133,47.46,13827613
48.417,2022/12/19 0:00,1270,47.4211,1,-0.00281838,48.6345,3893984
48.156,2022/12/20 0:00,1271,47.323,1,-0.00615273,48.417,2141508
48.8085,2022/12/21 0:00,1272,47.323,1,-0.0109541,48.156,1399976
48.33,2022/12/22 0:00,1273,47.4211,1,0.00296034,48.8085,2780199
49.3306,2022/12/23 0:00,1274,47.323,1,-0.00609537,48.33,1375908
49.0261,2022/12/28 0:00,1275,47.8628,1,0.0136034,49.3306,3362107
49.5481,2022/12/29 0:00,1276,47.5683,1,0.00692449,49.0261,1341181
49.5481,2022/12/30 0:00,1277,47.5683,1,0.0167646,49.5481,2010141
49.8091,2023/1/3 0:00,1278,47.5683,1,0.016692,49.5481,2015789
50.1571,2023/1/4 0:00,1279,49.6876,1,0.0198175,49.8091,2281832
49.8091,2023/1/5 0:00,1280,51.4404,1,0.02498,50.1571,1943367
49.7656,2023/1/6 0:00,1281,49.8439,1,0.0166934,49.8091,2302066
50.1136,2023/1/9 0:00,1282,49.6876,1,0.0142293,49.7656,1527769
49.4176,2023/1/10 0:00,1283,51.4404,1,0.0190632,50.1136,1544136
50.1136,2023/1/11 0:00,1284,47.8628,1,0.00450964,49.4176,3273705
49.7656,2023/1/12 0:00,1285,51.5967,1,0.0179825,50.1136,2404655
49.9396,2023/1/13 0:00,1286,49.6876,1,0.0106453,49.7656,1741913
49.8091,2023/1/16 0:00,1287,50.1322,1,0.014,49.9396,3013184
50.0266,2023/1/17 0:00,1288,49.6876,1,0.0103685,49.8091,1620906
50.1571,2023/1/18 0:00,1289,51.4404,1,0.0121457,50.0266,1798825
50.4616,2023/1/19 0:00,1290,51.4404,1,0.0132256,50.1571,1874269
50.2006,2023/1/20 0:00,1291,51.5967,1,0.017276,50.4616,3174109
50.3311,2023/1/26 0:00,1292,51.7932,1,0.00993305,50.2006,3458263
51.3316,2023/1/27 0:00,1293,51.5967,1,0.0110101,50.3311,2920129
50.6356,2023/1/30 0:00,1294,51.9976,1,0.0280089,51.3316,4749256
50.4616,2023/1/31 0:00,1295,51.9976,1,0.0127464,50.6356,6831982
50.7661,2023/2/1 0:00,1296,51.7932,1,0.00781916,50.4616,4461288
50.6356,2023/2/2 0:00,1297,51.8011,1,0.0126691,50.7661,2438696
50.2441,2023/2/3 0:00,1298,51.8011,1,0.0089716,50.6356,2455831
50.1136,2023/2/6 0:00,1299,51.5967,1,0.000736516,50.2441,2614559
50.2876,2023/2/7 0:00,1300,51.4404,1,-0.00181964,50.1136,2100111
50.2441,2023/2/8 0:00,1301,51.4404,1,0.00116919,50.2876,1291202
50.0701,2023/2/9 0:00,1302,51.4404,1,-0.000173083,50.2441,1688222
49.8526,2023/2/10 0:00,1303,51.4404,1,-0.0035926,50.0701,1550687
50.2006,2023/2/13 0:00,1304,49.6876,1,-0.00835027,49.8526,1885972
49.6786,2023/2/14 0:00,1305,51.4404,1,-0.00151416,50.2006,1170177
49.3306,2023/2/15 0:00,1306,47.5683,1,-0.0118116,49.6786,2271040
48.8955,2023/2/16 0:00,1307,47.5683,1,-0.0181393,49.3306,2420344
49.0261,2023/2/17 0:00,1308,47.323,1,-0.0259121,48.8955,2095699
49.5916,2023/2/20 0:00,1309,47.5683,1,-0.0223378,49.0261,1468141
49.1566,2023/2/21 0:00,1310,47.5683,1,-0.0105025,49.5916,1313258
48.852,2023/2/22 0:00,1311,47.5683,1,-0.0179037,49.1566,2029377
49.1566,2023/2/23 0:00,1312,47.323,1,-0.0226709,48.852,1821702
48.4605,2023/2/24 0:00,1313,47.5683,1,-0.0154221,49.1566,1813048
48.33,2023/2/27 0:00,1314,47.4211,1,-0.0265642,48.4605,3504892
49.113,2023/2/28 0:00,1315,47.4211,1,-0.0269324,48.33,4968828
49.2871,2023/3/1 0:00,1316,47.8628,1,-0.00982293,49.113,3497730
49.4176,2023/3/2 0:00,1317,47.5683,1,-0.0048309,49.2871,2258060
50.3746,2023/3/3 0:00,1318,47.6664,1,-0.000967417,49.4176,2980306
50.7226,2023/3/6 0:00,1319,51.7932,1,0.0182458,50.3746,3683877
50.2441,2023/3/7 0:00,1320,51.9976,1,0.0246495,50.7226,3743299
50.1136,2023/3/8 0:00,1321,51.5967,1,0.0150277,50.2441,3121775
49.456,2023/3/9 0:00,1322,51.5967,1,0.0125247,50.1136,2479934
49.7226,2023/3/10 0:00,1323,47.6664,1,-0.000142159,49.456,3034378
50.7446,2023/3/13 0:00,1324,47.6664,1,0.00537998,49.7226,2644646
50.8334,2023/3/14 0:00,1325,51.9976,1,0.0254806,50.7446,3870481
50.9667,2023/3/15 0:00,1326,51.6448,1,0.0260792,50.8334,1797454
51.0112,2023/3/16 0:00,1327,51.8011,1,0.027074,50.9667,2612898
50.8779,2023/3/17 0:00,1328,51.9976,1,0.0257829,51.0112,7133574
50.478,2023/3/20 0:00,1329,51.6448,1,0.0212009,50.8779,1955797
50.3446,2023/3/21 0:00,1330,51.4404,1,0.0122735,50.478,1766614
50.6557,2023/3/22 0:00,1331,51.4404,1,0.00839893,50.3446,1882321
50.1225,2023/3/23 0:00,1332,51.6448,1,0.0127997,50.6557,1504084
49.767,2023/3/24 0:00,1333,51.4404,1,0.00117175,50.1225,1752965
50.1225,2023/3/27 0:00,1334,49.6876,1,-0.00722402,49.767,2149658
50.3446,2023/3/28 0:00,1335,51.4404,1,-0.00191728,50.1225,1460403
50.478,2023/3/29 0:00,1336,51.4404,1,0.00127915,50.3446,1429069
50.3891,2023/3/30 0:00,1337,51.4404,1,0.00274288,50.478,1412347
50.3891,2023/3/31 0:00,1338,51.4404,1,1.25596e-05,50.3891,1778598
50.7001,2023/4/3 0:00,1339,51.4404,1,-1.82E-06,50.3891,1943200
50.7001,2023/4/4 0:00,1340,51.6448,1,0.00619329,50.7001,1576527
51.1445,2023/4/6 0:00,1341,51.6448,1,0.00573817,50.7001,1523458
51.4111,2023/4/11 0:00,1342,51.6448,1,0.0135165,51.1445,1506220
51.3666,2023/4/12 0:00,1343,51.6448,1,0.01683,51.4111,1514644
51.4555,2023/4/13 0:00,1344,51.6448,1,0.014302,51.3666,1017005
51.5,2023/4/14 0:00,1345,51.6448,1,0.0153442,51.4555,943627
51.6333,2023/4/17 0:00,1346,51.6448,1,0.0155531,51.5,2161332
51.1889,2023/4/18 0:00,1347,51.6448,1,0.0175131,51.6333,1089982
51.0556,2023/4/19 0:00,1348,51.6448,1,0.00857995,51.1889,1213697
51.2333,2023/4/20 0:00,1349,51.6448,1,0.00577725,51.0556,1370691
51.5444,2023/4/21 0:00,1350,51.6448,1,0.00852839,51.2333,2056072
51.1445,2023/4/24 0:00,1351,51.6448,1,0.0134544,51.5444,1217299
51.5,2023/4/25 0:00,1352,51.6448,1,0.00510848,51.1445,1292242
51.6777,2023/4/26 0:00,1353,51.6448,1,0.0107264,51.5,1413511
51.8999,2023/4/27 0:00,1354,52.2918,1,0.0123167,51.6777,1471956
51.9443,2023/4/28 0:00,1355,52.2918,1,0.0149021,51.8999,2102462
51.8999,2023/5/2 0:00,1356,52.2918,1,0.0141848,51.9443,1582068
52.2553,2023/5/3 0:00,1357,52.2918,1,0.0119126,51.8999,1062355
52.7441,2023/5/4 0:00,1358,52.659,1,0.016993,52.2553,1414649
53.9439,2023/5/5 0:00,1359,52.659,1,0.0241586,52.7441,1924781
53.9439,2023/5/8 0:00,1360,53.795,1,0.0441663,53.9439,2470859
53.6328,2023/5/9 0:00,1361,53.795,1,0.0408985,53.9439,2947644
54.6548,2023/5/10 0:00,1362,53.795,1,0.0324181,53.6328,1392945
53.544,2023/5/11 0:00,1363,55.4234,1,0.0488168,54.6548,2519897
54.166,2023/5/12 0:00,1364,53.795,1,0.0253574,53.544,1644686
54.0327,2023/5/15 0:00,1365,53.795,1,0.0345853,54.166,1403895
52.9663,2023/5/16 0:00,1366,53.795,1,0.0295487,54.0327,1363160
52.5219,2023/5/17 0:00,1367,52.8153,1,0.00794864,52.9663,2367890
52.3886,2023/5/18 0:00,1368,52.659,1,-0.00177365,52.5219,2111741
52.3442,2023/5/19 0:00,1369,52.659,1,-0.00556674,52.3886,1570087
50.8779,2023/5/22 0:00,1370,52.659,1,-0.0074567,52.3442,1801045
51.3666,2023/5/23 0:00,1371,51.9976,1,-0.0346513,50.8779,3523040
51.3222,2023/5/24 0:00,1372,51.6448,1,-0.0255827,51.3666,2197484
50.9667,2023/5/25 0:00,1373,51.6448,1,-0.0262614,51.3222,1860411
51.1,2023/5/29 0:00,1374,51.6448,1,-0.0323533,50.9667,1539172
50.7001,2023/5/30 0:00,1375,51.8011,1,-0.0290852,51.1,2306052
50.3446,2023/5/31 0:00,1376,51.9976,1,-0.0355438,50.7001,4512279
50.6412,2023/6/1 0:00,1377,51.4774,1,-0.0408871,50.3446,2476393
51.4051,2023/6/2 0:00,1378,51.9976,1,-0.0337516,50.6412,3929667
51.45,2023/6/5 0:00,1379,51.6448,1,-0.0179219,51.4051,1815872
51.1355,2023/6/6 0:00,1380,51.6448,1,-0.0147163,51.45,1506989
51.0007,2023/6/7 0:00,1381,51.6448,1,-0.0180994,51.1355,2040955
51.1804,2023/6/8 0:00,1382,51.6448,1,-0.0182068,51.0007,1391302
51.1355,2023/6/9 0:00,1383,51.6448,1,-0.0114409,51.1804,1251871
51.3602,2023/6/12 0:00,1384,51.6448,1,-0.010006,51.1355,1039921
50.821,2023/6/13 0:00,1385,51.6448,1,-0.00294826,51.3602,1583802
50.5963,2023/6/14 0:00,1386,51.8011,1,-0.0103306,50.821,2336947
51.495,2023/6/15 0:00,1387,51.5967,1,-0.0124269,50.5963,2814031
51.495,2023/6/16 0:00,1388,51.9976,1,0.00612267,51.495,3773450
55.5391,2023/6/19 0:00,1389,51.6448,1,0.00700184,51.495,1612034
55.6739,2023/6/20 0:00,1390,55.5964,1,0.0827035,55.5391,10661684
55.3144,2023/6/21 0:00,1391,55.8488,1,0.0802815,55.6739,5518171
54.0113,2023/6/23 0:00,1392,55.5607,1,0.0692112,55.3144,4007738
54.2809,2023/6/26 0:00,1393,53.795,1,0.0413163,54.0113,3051491
54.9999,2023/6/27 0:00,1394,53.795,1,0.0431815,54.2809,2658012
54.6853,2023/6/28 0:00,1395,55.9462,1,0.0530521,54.9999,1868436
54.7303,2023/6/29 0:00,1396,55.8397,1,0.0430504,54.6853,1810253
55.0448,2023/6/30 0:00,1397,55.4234,1,0.0395597,54.7303,2291252
54.91,2023/7/3 0:00,1398,55.6473,1,0.0411797,55.0448,2021092
54.191,2023/7/4 0:00,1399,55.8397,1,0.0351985,54.91,899265
53.7866,2023/7/5 0:00,1400,53.795,1,0.0190115,54.191,931040
53.2025,2023/7/6 0:00,1401,53.795,1,0.00889198,53.7866,1946584
52.843,2023/7/7 0:00,1402,52.659,1,-0.00412147,53.2025,1551324
53.4272,2023/7/10 0:00,1403,52.659,1,-0.0123871,52.843,1455704
53.6968,2023/7/11 0:00,1404,52.659,1,-0.00360337,53.4272,1833214
54.8201,2023/7/12 0:00,1405,53.795,1,-0.000752551,53.6968,1775160
55.0448,2023/7/13 0:00,1406,55.4789,1,0.0163703,54.8201,2311424
54.7303,2023/7/14 0:00,1407,55.4937,1,0.0163445,55.0448,2258112
54.6853,2023/7/18 0:00,1408,55.8397,1,0.00752757,54.7303,1441626
55.0897,2023/7/19 0:00,1409,55.8397,1,0.00375268,54.6853,1451277
55.584,2023/7/20 0:00,1410,55.9462,1,0.0115928,55.0897,1675095
55.1796,2023/7/21 0:00,1411,56.051,1,0.0207533,55.584,1758083
55.2695,2023/7/24 0:00,1412,55.9462,1,0.0134522,55.1796,1792543
56.258,2023/7/25 0:00,1413,55.4937,1,0.0139312,55.2695,2184919
56.3928,2023/7/26 0:00,1414,56.3892,1,0.0301983,56.258,3160629
57.0668,2023/7/27 0:00,1415,56.4178,1,0.0313514,56.3928,2346276
57.0219,2023/7/28 0:00,1416,57.0246,1,0.0414104,57.0668,2743409
57.4713,2023/7/31 0:00,1417,57.1234,1,0.038419,57.0219,3496250
56.0334,2023/8/1 0:00,1418,57.8249,1,0.0442949,57.4713,2143284
56.258,2023/8/2 0:00,1419,56.3079,1,0.0171289,56.0334,3026507
55.7188,2023/8/3 0:00,1420,56.5649,1,0.019295,56.258,2003080
56.3928,2023/8/4 0:00,1421,55.9663,1,0.00776132,55.7188,2383526
55.8536,2023/8/7 0:00,1422,56.4105,1,0.0170178,56.3928,1364720
55.7188,2023/8/8 0:00,1423,56.3649,1,0.00456622,55.8536,2824392
55.9435,2023/8/9 0:00,1424,56.109,1,8.05981e-05,55.7188,1973248
56.1232,2023/8/10 0:00,1425,56.3026,1,0.00209277,55.9435,1518881
55.0897,2023/8/11 0:00,1426,56.2621,1,0.0041404,56.1232,2191799
54.5056,2023/8/14 0:00,1427,55.021,1,-0.0143902,55.0897,2419998
54.91,2023/8/15 0:00,1428,54.8041,1,-0.0246452,54.5056,2083995
54.4606,2023/8/16 0:00,1429,54.911,1,-0.0176059,54.91,2392642
52.843,2023/8/17 0:00,1430,54.789,1,-0.0250965,54.4606,1608827
52.6183,2023/8/18 0:00,1431,51.3912,1,-0.0517276,52.843,3554831
52.6633,2023/8/21 0:00,1432,51.5147,1,-0.0535844,52.6183,2805979
52.5285,2023/8/22 0:00,1433,50.7185,1,-0.0505508,52.6633,1674446
53.0677,2023/8/23 0:00,1434,50.7185,1,-0.0497867,52.5285,2045260
52.9329,2023/8/24 0:00,1435,52.5755,1,-0.0371367,53.0677,1774074
53.6518,2023/8/25 0:00,1436,52.5755,1,-0.0359672,52.9329,1763593
54.7303,2023/8/28 0:00,1437,53.6826,1,-0.0198654,53.6518,1417915
54.91,2023/8/29 0:00,1438,55.4234,1,0.00234547,54.7303,3880099
55.2695,2023/8/30 0:00,1439,55.3837,1,0.00667276,54.91,2338446
54.8881,2023/8/31 0:00,1440,55.4937,1,0.014182,55.2695,2909358
54.2525,2023/9/4 0:00,1441,55.3837,1,0.00795245,54.8881,2751512
53.9347,2023/9/5 0:00,1442,53.795,1,-0.00175769,54.2525,1484763
53.7531,2023/9/6 0:00,1443,53.795,1,-0.00585004,53.9347,1586132
53.4353,2023/9/7 0:00,1444,53.795,1,-0.0073992,53.7531,1133557
53.7077,2023/9/11 0:00,1445,52.8153,1,-0.0109772,53.4353,2531069
54.2071,2023/9/12 0:00,1446,53.795,1,-0.00370832,53.7077,1532115
53.6623,2023/9/13 0:00,1447,53.795,1,0.00637934,54.2071,2869874
53.9347,2023/9/14 0:00,1448,53.795,1,-0.00295451,53.6623,2995762
53.2537,2023/9/15 0:00,1449,53.7294,1,0.00301544,53.9347,3736762
54.0709,2023/9/18 0:00,1450,52.8153,1,-0.0085362,53.2537,2522586
53.6623,2023/9/19 0:00,1451,53.795,1,0.00552849,54.0709,1393215
52.9813,2023/9/20 0:00,1452,53.795,1,-0.00303759,53.6623,1465814
53.2991,2023/9/21 0:00,1453,52.659,1,-0.0159802,52.9813,1848449
53.0721,2023/9/22 0:00,1454,52.659,1,-0.0107857,53.2991,1128684
52.7089,2023/9/25 0:00,1455,52.659,1,-0.0150027,53.0721,1063475
53.0267,2023/9/26 0:00,1456,52.659,1,-0.0215403,52.7089,1654169
52.7089,2023/9/27 0:00,1457,52.659,1,-0.0150694,53.0267,1399292
52.6181,2023/9/28 0:00,1458,52.659,1,-0.0191309,52.7089,2020286
52.0279,2023/9/29 0:00,1459,52.8153,1,-0.0187279,52.6181,3320981
50.6205,2023/10/3 0:00,1460,52.8153,1,-0.0267929,52.0279,3075673
51.2561,2023/10/4 0:00,1461,51.2736,1,-0.0493243,50.6205,4981216
52.0279,2023/10/5 0:00,1462,51.6448,1,-0.0346714,51.2561,1761915
51.5285,2023/10/6 0:00,1463,52.659,1,-0.0183734,52.0279,1763444
51.3923,2023/10/9 0:00,1464,51.6448,1,-0.0257511,51.5285,730011
51.9371,2023/10/10 0:00,1465,51.8011,1,-0.0264459,51.3923,2950177
53.0267,2023/10/11 0:00,1466,52.2918,1,-0.0144728,51.9371,2035945
52.0279,2023/10/12 0:00,1467,52.659,1,0.00733072,53.0267,1856145
52.2095,2023/10/13 0:00,1468,52.659,1,-0.0101063,52.0279,1568924
52.6635,2023/10/16 0:00,1469,52.659,1,-0.00501811,52.2095,1243703
52.8451,2023/10/17 0:00,1470,52.659,1,0.00419863,52.6635,1645131
51.8009,2023/10/18 0:00,1471,52.659,1,0.00884032,52.8451,1762354
51.2561,2023/10/19 0:00,1472,52.2918,1,-0.00933377,51.8009,1160227
51.0291,2023/10/20 0:00,1473,51.6448,1,-0.0181327,51.2561,1393334
51.0745,2023/10/24 0:00,1474,51.6448,1,-0.0203512,51.0291,1906847
51.3923,2023/10/25 0:00,1475,51.6448,1,-0.0175959,51.0745,1205719
52.4819,2023/10/26 0:00,1476,51.6448,1,-0.0102299,51.3923,2067752
52.4819,2023/10/27 0:00,1477,52.8153,1,0.0112852,52.4819,2760552
51.9825,2023/10/30 0:00,1478,52.659,1,0.0115064,52.4819,1693732
52.2549,2023/10/31 0:00,1479,52.4481,1,0.00249527,51.9825,2298240
53.0267,2023/11/1 0:00,1480,52.659,1,0.00752803,52.2549,960084
53.5261,2023/11/2 0:00,1481,52.659,1,0.0200427,53.0267,1446717
54.0709,2023/11/3 0:00,1482,53.795,1,0.0274063,53.5261,2649964
53.2083,2023/11/6 0:00,1483,53.795,1,0.0358322,54.0709,1713771
52.6635,2023/11/7 0:00,1484,52.659,1,0.0176703,53.2083,2216574
52.8451,2023/11/8 0:00,1485,53.1759,1,0.00602751,52.6635,6656493
52.3003,2023/11/9 0:00,1486,52.659,1,0.00862176,52.8451,1144021
53.0267,2023/11/10 0:00,1487,52.659,1,-0.00108389,52.3003,2181612
53.1175,2023/11/13 0:00,1488,52.659,1,0.0118248,53.0267,1217474
54.5703,2023/11/14 0:00,1489,52.659,1,0.0126802,53.1175,1156990
54.3887,2023/11/15 0:00,1490,55.2452,1,0.0384898,54.5703,3030878
54.0709,2023/11/16 0:00,1491,54.8298,1,0.033516,54.3887,1594539
55.1605,2023/11/17 0:00,1492,53.795,1,0.0252656,54.0709,1435159
54.8427,2023/11/20 0:00,1493,55.4937,1,0.0420687,55.1605,2483988
55.2059,2023/11/21 0:00,1494,55.4789,1,0.0323463,54.8427,2467411
55.7961,2023/11/22 0:00,1495,55.9462,1,0.0351579,55.2059,1265578
55.3875,2023/11/23 0:00,1496,56.287,1,0.0419228,55.7961,2092916
55.1151,2023/11/24 0:00,1497,56.0812,1,0.0314944,55.3875,992643
54.7065,2023/11/27 0:00,1498,55.6473,1,0.0239109,55.1151,2084505
54.8427,2023/11/28 0:00,1499,55.5628,1,0.0137552,54.7065,1991794
55.1605,2023/11/29 0:00,1500,55.4789,1,0.0138482,54.8427,3078394
53.7985,2023/11/30 0:00,1501,55.4614,1,0.0177158,55.1605,7346978
54.3308,2023/12/1 0:00,1502,54.09,1,-0.00766234,53.7985,5442427
54.1473,2023/12/4 0:00,1503,53.8273,1,0.00191592,54.3308,4607311
54.6061,2023/12/5 0:00,1504,53.795,1,-0.00233262,54.1473,1350803
55.7533,2023/12/6 0:00,1505,55.6688,1,0.00432471,54.6061,1724854
56.1663,2023/12/7 0:00,1506,56.3313,1,0.0226889,55.7533,2714383
55.7992,2023/12/8 0:00,1507,56.4489,1,0.0266243,56.1663,3062106
56.3958,2023/12/11 0:00,1508,56.287,1,0.0173366,55.7992,1623298
56.1204,2023/12/12 0:00,1509,56.3764,1,0.0251491,56.3958,2180388
58.2313,2023/12/13 0:00,1510,56.3007,1,0.0187091,56.1204,1499017
58.3689,2023/12/14 0:00,1511,58.3669,1,0.0533516,58.2313,4922802
58.2771,2023/12/15 0:00,1512,59.5331,1,0.0517532,58.3689,6163182
58.0936,2023/12/18 0:00,1513,58.2682,1,0.0471593,58.2771,2177398
57.7724,2023/12/19 0:00,1514,58.0295,1,0.0408212,58.0936,1299537
58.1395,2023/12/20 0:00,1515,57.8072,1,0.032692,57.7724,1865021
58.0936,2023/12/21 0:00,1516,58.3294,1,0.0370819,58.1395,1119829
58.736,2023/12/22 0:00,1517,57.7297,1,0.0337684,58.0936,1569327
59.149,2023/12/27 0:00,1518,58.6095,1,0.0418437,58.736,1538503
59.149,2023/12/28 0:00,1519,58.9484,1,0.0450516,59.149,2495738
58.6442,2023/12/29 0:00,1520,59.0236,1,0.0410911,59.149,2164540
58.4607,2024/1/2 0:00,1521,58.7709,1,0.0290518,58.6442,1485688
58.6901,2024/1/3 0:00,1522,58.4444,1,0.0216519,58.4607,1860537
58.5984,2024/1/4 0:00,1523,58.8667,1,0.0217696,58.6901,1393342
57.9559,2024/1/5 0:00,1524,58.421,1,0.0162342,58.5984,1162471
58.1854,2024/1/8 0:00,1525,58.411,1,0.00218206,57.9559,1415368
57.6347,2024/1/9 0:00,1526,58.4455,1,0.00403842,58.1854,1370152
57.9559,2024/1/10 0:00,1527,58.1776,1,-0.00672208,57.6347,1147266
58.0018,2024/1/11 0:00,1528,58.5197,1,-0.00303908,57.9559,1933941
57.8183,2024/1/12 0:00,1529,58.5507,1,-0.00362604,58.0018,1217589
57.7265,2024/1/15 0:00,1530,58.3521,1,-0.00822545,57.8183,0
55.6157,2024/1/16 0:00,1531,57.8755,1,-0.00937081,57.7265,2067771
56.3499,2024/1/17 0:00,1532,55.1255,1,-0.0433341,55.6157,3221070
55.7074,2024/1/18 0:00,1533,56.27,1,-0.0290955,56.3499,2485710
55.0191,2024/1/19 0:00,1534,55.7504,1,-0.0381872,55.7074,1566043
55.1109,2024/1/22 0:00,1535,55.3009,1,-0.0478081,55.0191,1945052
55.891,2024/1/23 0:00,1536,54.8351,1,-0.0437137,55.1109,2359800
56.8546,2024/1/24 0:00,1537,56.2255,1,-0.0283207,55.891,2041925
56.3958,2024/1/25 0:00,1538,56.594,1,-0.00994842,56.8546,2186862
57.0841,2024/1/26 0:00,1539,56.6517,1,-0.0155793,56.3958,1977086
56.4416,2024/1/29 0:00,1540,56.9903,1,-0.00176532,57.0841,4022680
57.0382,2024/1/30 0:00,1541,56.4587,1,-0.0110951,56.4416,3506201
57.8642,2024/1/31 0:00,1542,56.5735,1,0.000603736,57.0382,4864058
59.0113,2024/2/1 0:00,1543,57.7942,1,0.0158295,57.8642,2594643
58.9196,2024/2/2 0:00,1544,58.6579,1,0.0355936,59.0113,3333762
61.8105,2024/2/5 0:00,1545,58.6088,1,0.0331093,58.9196,1854482
60.7092,2024/2/6 0:00,1546,62.065,1,0.0803657,61.8105,11819873
59.8832,2024/2/7 0:00,1547,60.5771,1,0.058273,60.7092,3273993
59.1031,2024/2/8 0:00,1548,59.7563,1,0.0421243,59.8832,2874056
59.149,2024/2/9 0:00,1549,58.7303,1,0.0275639,59.1031,0
58.5066,2024/2/14 0:00,1550,58.9948,1,0.0271734,59.149,1338061
58.9196,2024/2/15 0:00,1551,58.3368,1,0.0153294,58.5066,2555909
58.8278,2024/2/16 0:00,1552,58.6791,1,0.0195735,58.9196,2526671
59.7455,2024/2/19 0:00,1553,58.4103,1,0.0158075,58.8278,1201866
59.3784,2024/2/20 0:00,1554,59.5927,1,0.0280706,59.7455,1623843
59.1949,2024/2/21 0:00,1555,59.5509,1,0.0179357,59.3784,2814693
58.323,2024/2/22 0:00,1556,59.6563,1,0.0112492,59.1949,2644149
58.5984,2024/2/23 0:00,1557,58.7151,1,-0.00571068,58.323,2818175
61.1681,2024/2/26 0:00,1558,58.5981,1,-0.00249963,58.5984,2786549
60.9386,2024/2/27 0:00,1559,61.5797,1,0.0370313,61.1681,5515308
59.8832,2024/2/28 0:00,1560,60.6335,1,0.0297768,60.9386,3291877
59.8832,2024/2/29 0:00,1561,59.6944,1,0.00900772,59.8832,4456563
59.975,2024/3/1 0:00,1562,59.4937,1,0.00659503,59.8832,1978064
59.1949,2024/3/4 0:00,1563,59.6492,1,0.00635228,59.975,2879247
60.2044,2024/3/5 0:00,1564,59.6253,1,-0.0068902,59.1949,2404479
59.8832,2024/3/6 0:00,1565,60.2482,1,0.00895904,60.2044,2843323
59.5653,2024/3/7 0:00,1566,59.4937,1,0.0051994,59.8832,1944545
59.4718,2024/3/8 0:00,1567,59.3293,1,0.000823464,59.5653,1629053
60.8277,2024/3/11 0:00,1568,59.6108,1,-0.000402182,59.4718,1292221
60.6406,2024/3/12 0:00,1569,60.6442,1,0.0209078,60.8277,4135994
59.799,2024/3/13 0:00,1570,60.8622,1,0.0164966,60.6406,1845886
59.799,2024/3/14 0:00,1571,59.6536,1,0.0013047,59.799,2450537
59.7523,2024/3/15 0:00,1572,59.6017,1,0.000567953,59.799,5785350
59.0977,2024/3/18 0:00,1573,59.5715,1,-0.000987013,59.7523,1876397
58.5367,2024/3/19 0:00,1574,58.9791,1,-0.0113954,59.0977,2301140
59.7055,2024/3/20 0:00,1575,58.4765,1,-0.020091,58.5367,1635478
58.6769,2024/3/21 0:00,1576,59.5999,1,-0.000951246,59.7055,2313691
58.864,2024/3/22 0:00,1577,59.1644,1,-0.0184533,58.6769,2438256
58.9575,2024/3/25 0:00,1578,58.5487,1,-0.0155435,58.864,1856859
58.4899,2024/3/26 0:00,1579,58.7792,1,-0.0121536,58.9575,2585875
58.3029,2024/3/27 0:00,1580,58.2692,1,-0.0179729,58.4899,2445876
58.9107,2024/3/28 0:00,1581,57.9321,1,-0.0198124,58.3029,2143649
58.5834,2024/4/2 0:00,1582,58.9413,1,-0.00878375,58.9107,3065236
57.6483,2024/4/3 0:00,1583,58.5875,1,-0.0131351,58.5834,2504700
57.5548,2024/4/5 0:00,1584,57.6186,1,-0.0276206,57.6483,3311762
58.0224,2024/4/8 0:00,1585,57.8057,1,-0.0270236,57.5548,2551388
59.1445,2024/4/9 0:00,1586,57.8574,1,-0.0175744,58.0224,2341542
58.3497,2024/4/10 0:00,1587,59.0783,1,0.00178185,59.1445,2528750
57.5081,2024/4/11 0:00,1588,58.3752,1,-0.0107407,58.3497,2321653
57.4146,2024/4/12 0:00,1589,57.7857,1,-0.0222575,57.5081,2894991
56.8068,2024/4/15 0:00,1590,57.8837,1,-0.0211629,57.4146,1928692
56.5262,2024/4/16 0:00,1591,56.5701,1,-0.0290487,56.8068,2444522
56.1054,2024/4/17 0:00,1592,56.5984,1,-0.0311336,56.5262,2654589
55.8249,2024/4/18 0:00,1593,56.4122,1,-0.0353311,56.1054,3416724
57.0873,2024/4/19 0:00,1594,56.0563,1,-0.0374461,55.8249,1590931
57.5081,2024/4/22 0:00,1595,56.9478,1,-0.0144484,57.0873,2391757
58.1159,2024/4/23 0:00,1596,58.0266,1,-0.00529692,57.5081,1629217
58.5834,2024/4/24 0:00,1597,58.2624,1,0.00570416,58.1159,2424036
58.4899,2024/4/25 0:00,1598,58.3779,1,0.0140412,58.5834,1825295
58.4899,2024/4/26 0:00,1599,58.3323,1,0.0128324,58.4899,2414612
57.6951,2024/4/29 0:00,1600,58.2299,1,0.0128324,58.4899,2685566
58.3964,2024/4/30 0:00,1601,57.5893,1,-0.000404989,57.6951,3082972
58.4899,2024/5/2 0:00,1602,58.4433,1,0.0121966,58.3964,1452487
58.9575,2024/5/3 0:00,1603,58.2979,1,0.0138995,58.4899,1882366
59.5653,2024/5/6 0:00,1604,58.602,1,0.020846,58.9575,1640290
59.612,2024/5/7 0:00,1605,59.5321,1,0.0295782,59.5653,1961375
59.8926,2024/5/8 0:00,1606,59.4018,1,0.0289726,59.612,3185172
61.2484,2024/5/9 0:00,1607,59.605,1,0.0331479,59.8926,1233927
61.6225,2024/5/10 0:00,1608,61.6753,1,0.0539019,61.2484,3569913
61.716,2024/5/13 0:00,1609,61.9451,1,0.0565978,61.6225,2349620
62.4173,2024/5/14 0:00,1610,62.2993,1,0.0543131,61.716,2175584
61.9965,2024/5/16 0:00,1611,62.6764,1,0.0612083,62.4173,2528452
62.2303,2024/5/17 0:00,1612,62.5396,1,0.0491752,61.9965,2253335
61.9498,2024/5/20 0:00,1613,62.4872,1,0.0477016,62.2303,2102925
62.1835,2024/5/21 0:00,1614,62.2301,1,0.0376287,61.9498,1509977
62.09,2024/5/22 0:00,1615,62.9161,1,0.0371179,62.1835,1089530
60.9212,2024/5/23 0:00,1616,62.8462,1,0.0316167,62.09,1272563
61.7627,2024/5/24 0:00,1617,61.0458,1,0.00984262,60.9212,1937252
61.8095,2024/5/27 0:00,1618,61.5606,1,0.0211023,61.7627,812233
60.4536,2024/5/28 0:00,1619,61.7354,1,0.0190788,61.8095,1963973
58.864,2024/5/29 0:00,1620,60.4768,1,-0.00488698,60.4536,3390860
58.42,2024/5/30 0:00,1621,58.38,1,-0.0319852,58.864,5120498
59.5535,2024/5/31 0:00,1622,58.2735,1,-0.0393044,58.42,5161242
60.8758,2024/6/3 0:00,1623,59.9377,1,-0.0215209,59.5535,3026412
60.3563,2024/6/4 0:00,1624,61.0905,1,-0.00136806,60.8758,3317601
61.2064,2024/6/5 0:00,1625,60.0909,1,-0.010532,60.3563,2758381
61.9621,2024/6/6 0:00,1626,61.2128,1,0.00209455,61.2064,2633115
62.2454,2024/6/7 0:00,1627,62.1619,1,0.0127502,61.9621,4128580
61.3481,2024/6/11 0:00,1628,61.7099,1,0.0165535,62.2454,8837568
62.576,2024/6/12 0:00,1629,61.1254,1,0.00212352,61.3481,5488257
61.7732,2024/6/13 0:00,1630,62.9201,1,0.0214641,62.576,4884524
60.3563,2024/6/14 0:00,1631,61.6669,1,0.00888888,61.7732,3153018
60.8758,2024/6/17 0:00,1632,59.934,1,-0.0129287,60.3563,4076126
61.5842,2024/6/18 0:00,1633,61.2075,1,-0.00332905,60.8758,3176182
61.2064,2024/6/19 0:00,1634,61.6693,1,0.00857094,61.5842,2090911
59.8368,2024/6/20 0:00,1635,61.0144,1,0.0031862,61.2064,1549848
59.7896,2024/6/21 0:00,1636,59.7637,1,-0.0174474,59.8368,6864322
58.42,2024/6/24 0:00,1637,60.0371,1,-0.01731,59.7896,1992744
59.7424,2024/6/25 0:00,1638,59.8702,1,-0.0371753,58.42,9751716
58.7034,2024/6/26 0:00,1639,59.5592,1,-0.0137013,59.7424,4884206
59.6007,2024/6/27 0:00,1640,58.6493,1,-0.0294521,58.7034,3212403
60.1674,2024/6/28 0:00,1641,59.5977,1,-0.0152166,59.6007,3423453
60.5925,2024/7/2 0:00,1642,60.4344,1,-0.00728559,60.1674,2852720
60.4036,2024/7/3 0:00,1643,60.9148,1,-0.00112885,60.5925,2230316
59.6479,2024/7/4 0:00,1644,60.5917,1,-0.0038553,60.4036,956244
59.2701,2024/7/5 0:00,1645,59.7202,1,-0.0157418,59.6479,1428704
59.1757,2024/7/8 0:00,1646,60.0867,1,-0.0204114,59.2701,3057245
59.6952,2024/7/9 0:00,1647,59.357,1,-0.0197152,59.1757,1901076
60.9231,2024/7/10 0:00,1648,59.6175,1,-0.0090161,59.6952,2084849
62.0565,2024/7/11 0:00,1649,60.6668,1,0.011725,60.9231,2886873
61.2537,2024/7/12 0:00,1650,63.173,1,0.0309926,62.0565,4970499
61.1592,2024/7/15 0:00,1651,61.185,1,0.0180933,61.2537,2103633
61.3953,2024/7/16 0:00,1652,61.0675,1,0.0158456,61.1592,1600968
61.8676,2024/7/17 0:00,1653,61.464,1,0.019328,61.3953,1735474
61.3481,2024/7/18 0:00,1654,61.9371,1,0.0269275,61.8676,2748403
62.1037,2024/7/19 0:00,1655,61.185,1,0.0181846,61.3481,2133496
61.9148,2024/7/22 0:00,1656,62.5133,1,0.0287906,62.1037,1666876
61.8676,2024/7/23 0:00,1657,61.8364,1,0.0238589,61.9148,2155356
62.2927,2024/7/24 0:00,1658,61.4987,1,0.0201698,61.8676,1293561
62.1982,2024/7/25 0:00,1659,63.003,1,0.0250234,62.2927,3966106
63.1427,2024/7/26 0:00,1660,62.7175,1,0.0205348,62.1982,2699673
62.9066,2024/7/29 0:00,1661,63.5927,1,0.0330308,63.1427,4763891
63.3317,2024/7/30 0:00,1662,63.051,1,0.0268666,62.9066,4186588
65.3152,2024/7/31 0:00,1663,63.7735,1,0.0314988,63.3317,3350409
64.7485,2024/8/1 0:00,1664,64.61,1,0.0595671,65.3152,7262638
64.5123,2024/8/2 0:00,1665,64.7147,1,0.046046,64.7485,4538223
63.7095,2024/8/5 0:00,1666,64.1706,1,0.0378362,64.5123,4277877
65.4097,2024/8/6 0:00,1667,63.593,1,0.0211961,63.7095,3034027
65.2207,2024/8/7 0:00,1668,65.3842,1,0.0436684,65.4097,4772748
65.2207,2024/8/8 0:00,1669,64.6983,1,0.0370981,65.2207,3010771
65.1735,2024/8/9 0:00,1670,65.286,1,0.0344956,65.2207,2242983
66.0236,2024/8/12 0:00,1671,65.5946,1,0.030543,65.1735,1077606
66.4014,2024/8/13 0:00,1672,66.0367,1,0.0399852,66.0236,2829138
66.2125,2024/8/14 0:00,1673,65.8591,1,0.0418288,66.4014,2598435
65.5986,2024/8/15 0:00,1674,65.8636,1,0.0353357,66.2125,2645455
65.1263,2024/8/16 0:00,1675,65.3844,1,0.0223383,65.5986,3471317
64.9846,2024/8/19 0:00,1676,65.1247,1,0.0125932,65.1263,2742523
65.0318,2024/8/20 0:00,1677,65.0801,1,0.00798476,64.9846,1989572
64.9374,2024/8/21 0:00,1678,65.0518,1,0.00624781,65.0318,2200661
64.8429,2024/8/22 0:00,1679,64.5999,1,0.00273464,64.9374,1726574
65.5041,2024/8/23 0:00,1680,64.6067,1,-0.000764094,64.8429,1141938
66.4486,2024/8/26 0:00,1681,65.5344,1,0.00759126,65.5041,1899088
66.6848,2024/8/27 0:00,1682,66.5575,1,0.0193436,66.4486,3084176
66.2125,2024/8/28 0:00,1683,66.7033,1,0.0203416,66.6848,3396797
66.0236,2024/8/29 0:00,1684,65.9017,1,0.0124205,66.2125,2576929
65.5756,2024/8/30 0:00,1685,66.2911,1,0.00854895,66.0236,5331147
65.2897,2024/9/2 0:00,1686,65.3521,1,0.00089302,65.5756,2029159
65.9092,2024/9/3 0:00,1687,64.7984,1,-0.00467169,65.2897,2738677
66.3381,2024/9/4 0:00,1688,65.9393,1,0.00439056,65.9092,2866789
66.3381,2024/9/5 0:00,1689,66.4642,1,0.0100667,66.3381,4201426
66.767,2024/9/9 0:00,1690,66.4642,1,0.00920823,66.3381,4246792
65.4327,2024/9/10 0:00,1691,66.8139,1,0.0145036,66.767,3451261
66.2428,2024/9/11 0:00,1692,65.5662,1,-0.00532536,65.4327,3222513
66.5288,2024/9/12 0:00,1693,65.9881,1,0.00711155,66.2428,2926642
67.1006,2024/9/13 0:00,1694,66.494,1,0.0112158,66.5288,1836237
67.6725,2024/9/16 0:00,1695,66.8993,1,0.0187452,67.1006,1991034
67.5772,2024/9/17 0:00,1696,68.0473,1,0.0254457,67.6725,3654502
68.0538,2024/9/19 0:00,1697,67.9859,1,0.021994,67.5772,4294355
67.9108,2024/9/20 0:00,1698,68.5077,1,0.0268547,68.0538,6200689
68.1491,2024/9/23 0:00,1699,67.7666,1,0.0224039,67.9108,2848198
68.1014,2024/9/24 0:00,1700,68.4078,1,0.023444,68.1491,4900488
66.767,2024/9/25 0:00,1701,68.5929,1,0.0207377,68.1014,4312889
66.91,2024/9/26 0:00,1702,66.5449,1,0.000498541,66.767,7634412
65.6233,2024/9/27 0:00,1703,67.3774,1,0.0024716,66.91,10491002
66.0522,2024/9/30 0:00,1704,66.0646,1,-0.0163724,65.6233,7083842
65.6709,2024/10/2 0:00,1705,66.1082,1,-0.00996466,66.0522,5988156
65.6233,2024/10/3 0:00,1706,66.0512,1,-0.0157495,65.6709,4717345
65.242,2024/10/4 0:00,1707,65.9844,1,-0.0167095,65.6233,4543183
63.2881,2024/10/7 0:00,1708,65.4462,1,-0.0219334,65.242,4626479
63.0975,2024/10/8 0:00,1709,63.2093,1,-0.0490512,63.2881,7687743
63.3358,2024/10/9 0:00,1710,63.3384,1,-0.0496017,63.0975,6964353
63.8123,2024/10/10 0:00,1711,63.3942,1,-0.0435409,63.3358,3683094
63.2404,2024/10/14 0:00,1712,63.5574,1,-0.0351635,63.8123,3144365
63.0975,2024/10/15 0:00,1713,63.5842,1,-0.041635,63.2404,4520514
63.0975,2024/10/16 0:00,1714,63.6029,1,-0.0413092,63.0975,3008050
63.86,2024/10/17 0:00,1715,63.635,1,-0.0383848,63.0975,3446975
63.86,2024/10/18 0:00,1716,63.5902,1,-0.0239283,63.86,3841352
63.86,2024/10/21 0:00,1717,64.0907,1,-0.0211475,63.86,2058758
63.6694,2024/10/22 0:00,1718,64.0403,1,-0.0179912,63.86,2638181
63.8123,2024/10/23 0:00,1719,63.7863,1,-0.0177191,63.6694,2500946
63.6694,2024/10/24 0:00,1720,64.0973,1,-0.012209,63.8123,1985577
63.9076,2024/10/25 0:00,1721,63.9132,1,-0.0110295,63.6694,1487972
63.717,2024/10/28 0:00,1722,63.8064,1,-0.00511898,63.9076,1638497
63.3358,2024/10/29 0:00,1723,64.1159,1,-0.00561519,63.717,2250283
62.9545,2024/10/30 0:00,1724,62.9891,1,-0.0097978,63.3358,3121796
63.574,2024/10/31 0:00,1725,63.5177,1,-0.0133691,62.9545,3784005
63.717,2024/11/1 0:00,1726,63.4745,1,-0.00201996,63.574,1324524
63.9076,2024/11/4 0:00,1727,63.8816,1,0.0017233,63.717,1526173
63.0498,2024/11/5 0:00,1728,64.2282,1,0.00577522,63.9076,2228875
63.0975,2024/11/6 0:00,1729,63.3739,1,-0.007539,63.0498,2981260
63.1928,2024/11/7 0:00,1730,63.335,1,-0.00678907,63.0975,1692484
63.1928,2024/11/8 0:00,1731,63.0153,1,-0.00517669,63.1928,1859886
63.2404,2024/11/11 0:00,1732,63.0153,1,-0.00469132,63.1928,1829118
62.9068,2024/11/12 0:00,1733,63.1341,1,-0.0039407,63.2404,3041570
62.2397,2024/11/13 0:00,1734,63.0318,1,-0.0090463,62.9068,3058102
62.8115,2024/11/14 0:00,1735,62.3597,1,-0.0188934,62.2397,3443122
62.7162,2024/11/15 0:00,1736,62.655,1,-0.00905981,62.8115,2278868
63.4311,2024/11/18 0:00,1737,62.3978,1,-0.00967002,62.7162,1709169
63.717,2024/11/19 0:00,1738,63.3666,1,0.00195724,63.4311,1559639
63.86,2024/11/20 0:00,1739,64.0041,1,0.00643611,63.717,1437531
63.4787,2024/11/21 0:00,1740,64.1655,1,0.00865637,63.86,1501343
62.5256,2024/11/22 0:00,1741,63.3457,1,0.00278559,63.4787,2168069
62.0014,2024/11/25 0:00,1742,61.8956,1,-0.0111919,62.5256,5611672
62.2397,2024/11/26 0:00,1743,62.4944,1,-0.0181502,62.0014,4896448
62.192,2024/11/27 0:00,1744,62.6929,1,-0.0135206,62.2397,4227260
62.2397,2024/11/28 0:00,1745,62.1568,1,-0.01368,62.192,2370323
61.6911,2024/11/29 0:00,1746,62.2162,1,-0.0118786,62.2397,2884494
62.7979,2024/12/2 0:00,1747,61.7985,1,-0.0190103,61.6911,4588792
62.7979,2024/12/3 0:00,1748,62.1198,1,-0.000528778,62.7979,3604871
62.7497,2024/12/4 0:00,1749,62.8182,1,-0.000328332,62.7979,2178570
62.7979,2024/12/5 0:00,1750,62.8927,1,-0.000817837,62.7497,1872729
62.8941,2024/12/6 0:00,1751,62.5146,1,0.000262943,62.7979,3970912
63.2309,2024/12/9 0:00,1752,63.1514,1,0.00203426,62.8941,4045378
62.5573,2024/12/10 0:00,1753,63.1096,1,0.00740854,63.2309,4068992
62.6535,2024/12/11 0:00,1754,62.6769,1,-0.00304714,62.5573,3034761
61.8836,2024/12/12 0:00,1755,62.7859,1,-0.0018426,62.6535,1595691
62.2204,2024/12/13 0:00,1756,61.7024,1,-0.0133793,61.8836,2567718
61.7392,2024/12/16 0:00,1757,62.1426,1,-0.0076167,62.2204,1731202
62.076,2024/12/17 0:00,1758,61.6144,1,-0.0139614,61.7392,2390815
61.4023,2024/12/18 0:00,1759,61.9591,1,-0.00728083,62.076,2404685
61.4023,2024/12/19 0:00,1760,61.58,1,-0.0161211,61.4023,2342665
62.1242,2024/12/20 0:00,1761,61.5296,1,-0.0144816,61.4023,4222075
62.4129,2024/12/23 0:00,1762,62.3913,1,-0.00257497,62.1242,2627614
62.076,2024/12/24 0:00,1763,62.8757,1,0.00172966,62.4129,0
62.5091,2024/12/27 0:00,1764,62.1052,1,-0.00354595,62.076,2647226
62.9422,2024/12/30 0:00,1765,62.431,1,0.00315075,62.5091,1930622
61.7392,2024/12/31 0:00,1766,63.6003,1,0.0095319,62.9422,0
61.7873,2025/1/2 0:00,1767,61.6298,1,-0.00980161,61.7392,3065640
61.8354,2025/1/3 0:00,1768,61.5113,1,-0.00822616,61.7873,1611908
61.3061,2025/1/6 0:00,1769,61.5313,1,-0.00668649,61.8354,1486707
61.1136,2025/1/7 0:00,1770,61.248,1,-0.0140464,61.3061,3170138
60.9211,2025/1/8 0:00,1771,61.1707,1,-0.015809,61.1136,2591274
61.3061,2025/1/9 0:00,1772,61.3502,1,-0.0173478,60.9211,1641759
61.0655,2025/1/10 0:00,1773,61.7586,1,-0.00960086,61.3061,2474095
61.643,2025/1/13 0:00,1774,61.2889,1,-0.0122976,61.0655,2883894
61.7392,2025/1/14 0:00,1775,61.7414,1,-0.00214211,61.643,2765878
62.3648,2025/1/15 0:00,1776,61.9398,1,-0.0004674,61.7392,2705273
63.0866,2025/1/16 0:00,1777,62.2174,1,0.00954245,62.3648,2470931
63.4715,2025/1/17 0:00,1778,63.2363,1,0.0201144,63.0866,4330048
63.1347,2025/1/20 0:00,1779,63.5076,1,0.0251826,63.4715,2479151
62.2204,2025/1/21 0:00,1780,63.3206,1,0.0183173,63.1347,1986859
62.2204,2025/1/22 0:00,1781,62.4967,1,0.00290874,62.2204,2447901
62.3167,2025/1/23 0:00,1782,62.2967,1,0.00283096,62.2204,1922995
62.076,2025/1/24 0:00,1783,62.1474,1,0.00445995,62.3167,1970998
62.2204,2025/1/27 0:00,1784,62.2407,1,0.000581674,62.076,1349429
62.1723,2025/1/28 0:00,1785,62.8129,1,0.00314216,62.2204,0
62.1723,2025/2/3 0:00,1786,62.4967,1,0.00298876,62.1723,2467711
61.5467,2025/2/4 0:00,1787,61.9243,1,0.00263851,62.1723,3647561
61.8354,2025/2/5 0:00,1788,61.2649,1,-0.0072573,61.5467,2958010
61.3542,2025/2/6 0:00,1789,61.9147,1,-0.00260022,61.8354,2200944
61.4023,2025/2/7 0:00,1790,61.3122,1,-0.0104005,61.3542,3691217
61.3061,2025/2/10 0:00,1791,61.7306,1,-0.00985497,61.4023,2401221
61.6911,2025/2/11 0:00,1792,61.1857,1,-0.0117137,61.3061,2743912
61.643,2025/2/12 0:00,1793,61.7485,1,-0.00581621,61.6911,3242525
61.6911,2025/2/13 0:00,1794,61.4298,1,-0.00705368,61.643,3654529
62.1242,2025/2/14 0:00,1795,61.7516,1,-0.0063171,61.6911,2938496
62.076,2025/2/17 0:00,1796,62.3912,1,0.000348711,62.1242,3387362
61.8836,2025/2/18 0:00,1797,62.2082,1,-0.000193816,62.076,2794039
61.8836,2025/2/19 0:00,1798,61.842,1,-0.00232729,61.8836,2470388
62.0279,2025/2/20 0:00,1799,61.842,1,-0.00104858,61.8836,2473505
63.9046,2025/2/21 0:00,1800,62.1326,1,0.00217687,62.0279,3392663
62.7979,2025/2/24 0:00,1801,63.6415,1,0.031096,63.9046,6749633
62.9903,2025/2/25 0:00,1802,62.0662,1,0.0127663,62.7979,7124889
62.1242,2025/2/26 0:00,1803,63.0057,1,0.0153189,62.9903,8650662
62.0279,2025/2/27 0:00,1804,61.5529,1,0.00131857,62.1242,11835627
61.9798,2025/2/28 0:00,1805,61.5529,1,-7.76E-05,62.0279,9137968
62.3648,2025/3/3 0:00,1806,61.8303,1,-0.000698306,61.9798,5536258
63.2791,2025/3/4 0:00,1807,63.0572,1,0.00535266,62.3648,5088063
63.7603,2025/3/5 0:00,1808,63.4107,1,0.0186691,63.2791,5770896
63.0343,2025/3/6 0:00,1809,63.8049,1,0.024828,63.7603,3986449
62.789,2025/3/7 0:00,1810,63.0949,1,0.0117927,63.0343,5413930
63.0343,2025/3/10 0:00,1811,62.5146,1,0.00673541,62.789,4331404
62.5437,2025/3/11 0:00,1812,62.9842,1,0.00926969,63.0343,3772624
62.5928,2025/3/12 0:00,1813,62.6575,1,0.000732324,62.5437,4579286
62.1023,2025/3/13 0:00,1814,62.3589,1,0.000756731,62.5928,2861833
62.3966,2025/3/14 0:00,1815,62.7061,1,-0.00741246,62.1023,4806432
62.6909,2025/3/17 0:00,1816,62.5538,1,-0.00292533,62.3966,2625187
62.8381,2025/3/18 0:00,1817,62.0604,1,0.00128601,62.6909,3348505
62.4947,2025/3/19 0:00,1818,62.3156,1,0.00287203,62.8381,3531820
62.6418,2025/3/20 0:00,1819,62.3733,1,-0.00309434,62.4947,3189286
62.6418,2025/3/21 0:00,1820,62.013,1,-0.00123594,62.6418,6766149
62.1023,2025/3/24 0:00,1821,62.0723,1,-0.000229462,62.6418,3562248
61.906,2025/3/25 0:00,1822,62.291,1,-0.00829093,62.1023,3516690
62.0532,2025/3/26 0:00,1823,61.6777,1,-0.0105677,61.906,2973346
62.2494,2025/3/27 0:00,1824,62.0071,1,-0.00815937,62.0532,1860934
62.2004,2025/3/28 0:00,1825,62.1762,1,-0.0051992,62.2494,2371940
63.0343,2025/3/31 0:00,1826,62.2083,1,-0.00615826,62.2004,2466046
62.4456,2025/4/1 0:00,1827,62.9885,1,0.00662768,63.0343,3002082
62.74,2025/4/2 0:00,1828,62.3504,1,-0.00210859,62.4456,3388095
62.5928,2025/4/3 0:00,1829,62.4497,1,0.00341271,62.74,4082619
60.974,2025/4/7 0:00,1830,61.9041,1,0.00141264,62.5928,16469128
60.1401,2025/4/8 0:00,1831,61.3344,1,-0.0230676,60.974,10805524
61.5136,2025/4/9 0:00,1832,60.4543,1,-0.0341894,60.1401,6337392
61.3174,2025/4/10 0:00,1833,61.5946,1,-0.0113139,61.5136,7581676
62.1023,2025/4/11 0:00,1834,61.0428,1,-0.0134565,61.3174,4797552
62.2494,2025/4/14 0:00,1835,62.7698,1,-0.000828715,62.1023,4727600
63.2305,2025/4/15 0:00,1836,62.6067,1,0.0016576,62.2494,3013820
63.5248,2025/4/16 0:00,1837,63.3126,1,0.0170026,63.2305,5453283
63.721,2025/4/17 0:00,1838,63.5378,1,0.0211726,63.5248,3683141
64.0644,2025/4/22 0:00,1839,63.9222,1,0.0233181,63.721,4430962
64.555,2025/4/23 0:00,1840,63.6734,1,0.0276587,64.0644,5474506
64.6531,2025/4/24 0:00,1841,64.2528,1,0.0339409,64.555,3234297
65.0455,2025/4/25 0:00,1842,64.7879,1,0.0334013,64.6531,3748432
65.2908,2025/4/28 0:00,1843,64.8052,1,0.0370719,65.0455,3081908
65.0455,2025/4/29 0:00,1844,65.0308,1,0.0383025,65.2908,3943925
65.487,2025/4/30 0:00,1845,64.4638,1,0.0321075,65.0455,5039039
66.1247,2025/5/2 0:00,1846,65.6548,1,0.0364102,65.487,4268749
65.9775,2025/5/6 0:00,1847,65.8085,1,0.0439497,66.1247,4235726
66.37,2025/5/7 0:00,1848,66.1692,1,0.0387303,65.9775,5127234
66.419,2025/5/8 0:00,1849,65.809,1,0.0419315,66.37,3333695
65.7322,2025/5/9 0:00,1850,65.8566,1,0.0395793,66.419,2866534
65.3889,2025/5/12 0:00,1851,65.6062,1,0.0250134,65.7322,5116576
65.1436,2025/5/13 0:00,1852,65.3883,1,0.015503,65.3889,3343940
64.7021,2025/5/14 0:00,1853,65.1609,1,0.00885032,65.1436,3039687
64.8002,2025/5/15 0:00,1854,63.9669,1,-0.000606252,64.7021,2712315
64.6531,2025/5/16 0:00,1855,64.3752,1,-0.00117198,64.8002,2750169
64.9964,2025/5/19 0:00,1856,64.5612,1,-0.00528305,64.6531,2420142
65.4379,2025/5/20 0:00,1857,65.1511,1,-0.00135659,64.9964,3899372
65.487,2025/5/21 0:00,1858,65.6722,1,0.00395099,65.4379,3557016
65.487,2025/5/22 0:00,1859,65.4666,1,0.00334444,65.487,2051088
65.487,2025/5/23 0:00,1860,65.4962,1,0.00225221,65.487,2404110
65.4379,2025/5/26 0:00,1861,65.5117,1,0.0015379,65.487,2511991
65.1436,2025/5/27 0:00,1862,65.3992,1,0.000187354,65.4379,2732259
65.2908,2025/5/28 0:00,1863,65.8031,1,-0.0043857,65.1436,3687611
65.2908,2025/5/29 0:00,1864,65.076,1,-0.00213667,65.2908,3431204
65.3205,2025/5/30 0:00,1865,65.3487,1,-0.00232365,65.2908,6698075
66.2614,2025/6/2 0:00,1866,65.3122,1,-0.0017427,65.3205,3162453
65.37,2025/6/3 0:00,1867,66.0698,1,0.0125314,66.2614,4141010
65.7662,2025/6/4 0:00,1868,65.9374,1,-0.000626246,65.37,4228658
65.5186,2025/6/5 0:00,1869,65.4557,1,0.00589477,65.7662,2587936
65.469,2025/6/6 0:00,1870,65.7393,1,0.00279808,65.5186,3445828
65.6176,2025/6/9 0:00,1871,65.4425,1,0.00224198,65.469,2756296
65.5681,2025/6/10 0:00,1872,65.7501,1,0.00434049,65.6176,1757635
65.469,2025/6/11 0:00,1873,65.515,1,0.00325648,65.5681,2818804
65.469,2025/6/12 0:00,1874,65.3563,1,0.00115369,65.469,2326661
65.469,2025/6/13 0:00,1875,65.4797,1,0.00064198,65.469,2508224
65.469,2025/6/16 0:00,1876,65.6315,1,1.83836e-05,65.469,3693521
65.4195,2025/6/17 0:00,1877,65.7639,1,-0.000342435,65.469,1631388
65.1719,2025/6/18 0:00,1878,65.4986,1,-0.00108457,65.4195,1286976
65.2214,2025/6/19 0:00,1879,65.1393,1,-0.00462603,65.1719,3032948
65.1719,2025/6/20 0:00,1880,65.3049,1,-0.00366774,65.2214,4393958
65.6176,2025/6/23 0:00,1881,65.2125,1,-0.00418449,65.1719,2610805
66.1128,2025/6/24 0:00,1882,65.6696,1,0.00248812,65.6176,3384611
66.1128,2025/6/25 0:00,1883,66.123,1,0.00930675,66.1128,4800371
65.7167,2025/6/26 0:00,1884,66.1477,1,0.0086738,66.1128,1384208
65.469,2025/6/27 0:00,1885,65.4346,1,0.00230371,65.7167,2736227
65.5681,2025/6/30 0:00,1886,65.5602,1,-0.00158597,65.469,3226670
65.8157,2025/7/2 0:00,1887,65.3521,1,0.000453276,65.5681,2220524
65.5681,2025/7/3 0:00,1888,65.909,1,0.00389016,65.8157,1723695
65.37,2025/7/4 0:00,1889,65.3521,1,0.000264325,65.5681,2101504
65.271,2025/7/7 0:00,1890,65.5785,1,-0.00264446,65.37,2454586
64.9738,2025/7/8 0:00,1891,65.0495,1,-0.00400509,65.271,3170785
64.8252,2025/7/9 0:00,1892,65.0472,1,-0.00805205,64.9738,4000729
64.9243,2025/7/10 0:00,1893,64.7172,1,-0.0097587,64.8252,3971183
64.9243,2025/7/11 0:00,1894,64.7252,1,-0.00783282,64.9243,2673363
65.1719,2025/7/14 0:00,1895,64.6494,1,-0.00741967,64.9243,2483977
65.0729,2025/7/15 0:00,1896,65.6961,1,-0.00340775,65.1719,3944786
65.271,2025/7/16 0:00,1897,64.9461,1,-0.00462091,65.0729,2691680
65.6176,2025/7/17 0:00,1898,65.5812,1,-0.00147728,65.271,1714008
65.9643,2025/7/18 0:00,1899,65.4815,1,0.0034838,65.6176,2714929
66.8557,2025/7/21 0:00,1900,65.9499,1,0.00821252,65.9643,2328963
66.9052,2025/7/22 0:00,1901,66.9028,1,0.0205239,66.8557,4219084
66.7071,2025/7/23 0:00,1902,67.2829,1,0.0202772,66.9052,3967436
66.509,2025/7/24 0:00,1903,66.6419,1,0.0167956,66.7071,2884099
67.1033,2025/7/25 0:00,1904,66.343,1,0.0134702,66.509,2894615
67.2519,2025/7/28 0:00,1905,67.3346,1,0.0214466,67.1033,2960496
67.8957,2025/7/29 0:00,1906,67.4,1,0.022321,67.2519,3871069
67.4995,2025/7/30 0:00,1907,68.6283,1,0.0302848,67.8957,5874068
66.9547,2025/7/31 0:00,1908,67.9187,1,0.0229661,67.4995,4527389
66.8557,2025/8/1 0:00,1909,67.3653,1,0.0136452,66.9547,5315165
66.3605,2025/8/4 0:00,1910,66.8594,1,0.0110087,66.8557,3723503
65.7662,2025/8/5 0:00,1911,66.2132,1,0.00269384,66.3605,6945115
66.0138,2025/8/6 0:00,1912,65.7948,1,-0.00688007,65.7662,7019028
66.2119,2025/8/7 0:00,1913,66.1584,1,-0.00403472,66.0138,4463500
66.6081,2025/8/8 0:00,1914,65.8901,1,-0.00201544,66.2119,3094404
66.3109,2025/8/11 0:00,1915,66.488,1,0.00268378,66.6081,1944856
66.41,2025/8/12 0:00,1916,66.2382,1,-0.00264429,66.3109,4032326
65.9643,2025/8/13 0:00,1917,66.2385,1,-0.00215786,66.41,3896485
65.469,2025/8/14 0:00,1918,65.8356,1,-0.00937085,65.9643,5843285
65.469,2025/8/15 0:00,1919,66.0646,1,-0.0166983,65.469,5381009
65.37,2025/8/18 0:00,1920,65.8461,1,-0.0163324,65.469,4155134
65.37,2025/8/19 0:00,1921,66.0723,1,-0.0167231,65.37,5097988
65.271,2025/8/20 0:00,1922,66.0723,1,-0.0155865,65.37,4257880
65.271,2025/8/21 0:00,1923,65.3451,1,-0.016014,65.271,5511836
65.469,2025/8/22 0:00,1924,65.4462,1,-0.0150949,65.271,4719221
65.1719,2025/8/25 0:00,1925,65.7917,1,-0.0108862,65.469,4194366
65.37,2025/8/26 0:00,1926,65.3201,1,-0.0138259,65.1719,6790359
65.3205,2025/8/27 0:00,1927,65.5158,1,-0.00893459,65.37,2581327
65.2214,2025/8/28 0:00,1928,64.9079,1,-0.00804701,65.3205,3116359
65.37,2025/8/29 0:00,1929,65.1402,1,-0.00824586,65.2214,4240181
65.3,2025/9/1 0:00,1930,65.9342,1,-0.00486258,65.37,3969860
64.3,2025/9/2 0:00,1931,65.3907,1,-0.00512516,65.3,3880863
64.25,2025/9/3 0:00,1932,64.4046,1,-0.0192652,64.3,8664539
64.6,2025/9/4 0:00,1933,64.4894,1,-0.018708,64.25,4696469
64.65,2025/9/5 0:00,1934,64.6417,1,-0.0121464,64.6,2956976
65,2025/9/8 0:00,1935,64.6306,1,-0.0098995,64.65,3026265
65.35,2025/9/9 0:00,1936,65.016,1,-0.00353908,65,3051761
65.75,2025/9/10 0:00,1937,65.5292,1,0.00264109,65.35,2140014
65.8,2025/9/11 0:00,1938,65.1182,1,0.00894401,65.75,3543980
65.8,2025/9/12 0:00,1939,66.0771,1,0.00945499,65.8,1600123
65.7,2025/9/15 0:00,1940,66.0771,1,0.00919879,65.8,1469862
65.8,2025/9/16 0:00,1941,65.3366,1,0.00741002,65.7,2283638
65.5,2025/9/17 0:00,1942,65.6024,1,0.00861095,65.8,2377176
65.1,2025/9/18 0:00,1943,65.5887,1,0.00383616,65.5,2926376
64.7,2025/9/19 0:00,1944,65.2595,1,-0.00216344,65.1,5011201
64.9,2025/9/22 0:00,1945,64.2661,1,-0.00770972,64.7,3209037
64.85,2025/9/23 0:00,1946,64.8198,1,-0.0044347,64.9,4308168
64.6,2025/9/24 0:00,1947,64.8042,1,-0.00480482,64.85,2243790
64.5,2025/9/25 0:00,1948,64.5218,1,-0.008093,64.6,3132274
64.5,2025/9/26 0:00,1949,64.7777,1,-0.0090796,64.5,2436965
64.45,2025/9/29 0:00,1950,64.6308,1,-0.00841693,64.5,3049900
65,2025/9/30 0:00,1951,64.7263,1,-0.00853785,64.45,3443761
64.85,2025/10/2 0:00,1952,64.9288,1,-0.000615003,65,2901919
64.75,2025/10/3 0:00,1953,64.7195,1,-0.00338099,64.85,1993589
64.9,2025/10/6 0:00,1954,64.8543,1,-0.00503246,64.75,1633855
65.55,2025/10/8 0:00,1955,64.6349,1,-0.00291901,64.9,2505206
65.7,2025/10/9 0:00,1956,65.818,1,0.00664189,65.55,4207099
65.85,2025/10/10 0:00,1957,65.2335,1,0.00867425,65.7,3298681
65.7,2025/10/13 0:00,1958,66.5205,1,0.0108996,65.85,4395665
66.05,2025/10/14 0:00,1959,65.1589,1,0.00867425,65.7,2921179
66.05,2025/10/15 0:00,1960,66.0782,1,0.0138532,66.05,4104308
66.25,2025/10/16 0:00,1961,66.0782,1,0.013581,66.05,4106313
66.35,2025/10/17 0:00,1962,66.0631,1,0.0162991,66.25,4674807
66.2,2025/10/20 0:00,1963,66.4884,1,0.01717,66.35,4953707
65.8,2025/10/21 0:00,1964,65.7626,1,0.0140154,66.2,4478219
65.95,2025/10/22 0:00,1965,65.8103,1,0.00704015,65.8,3939612
66.05,2025/10/23 0:00,1966,66.1367,1,0.0085254,65.95,2587167
