Price,SMA50_diff,SMA20_diff,SMA10_diff,SMA100_diff,next_day_SMA50_diff
Ticker,,,,,
Date,,,,,
2022-10-27,-0.14290446,-0.04710447,-0.004703744,-0.17934144,-0.12400919804712882
2022-10-28,-0.13072944,-0.033177927,0.006218228,-0.16863972,-0.11577486691743218
2022-10-31,-0.1375889,-0.040072806,-0.004157152,-0.1765779,-0.10647281270677722
2022-11-01,-0.116079874,-0.016378492,0.015204428,-0.1573618,-0.10422145207537271
2022-11-02,-0.0825393,0.020389333,0.046533477,-0.12647355,-0.09618147663529117
2022-11-03,-0.115532346,-0.015651649,0.004144763,-0.15900528,-0.0753589876187013
2022-11-04,-0.09499858,0.0069540944,0.018188663,-0.14044686,-0.0775478605449679
2022-11-07,-0.083644554,0.017279882,0.022313587,-0.13071476,-0.07517249318939155
2022-11-08,-0.06570693,0.034659244,0.030966097,-0.11482033,-0.06869365227447498
2022-11-09,-0.07449346,0.020750016,0.013675881,-0.12434585,-0.05673479758931286
2022-11-10,-0.08071728,0.010289089,9.213614e-05,-0.13148084,-0.0551168235441393
2022-11-11,-0.049992424,0.038490057,0.024958618,-0.10429928,-0.060436683695671616
2022-11-14,-0.024893919,0.05975602,0.040320255,-0.082296625,-0.050086630343421576
2022-11-15,-0.013568814,0.06493024,0.042024374,-0.07326387,-0.02984788647594976
2022-11-16,-0.0032766317,0.0693908,0.045340084,-0.06505406,-0.013215993156605247
2022-11-17,0.0017367956,0.06728952,0.038787227,-0.061630193,-0.0013040452331701967
2022-11-18,-0.013487042,0.04289157,0.0148140825,-0.07731354,0.00436941515203901
2022-11-21,-0.008094389,0.04102377,0.012803543,-0.07377463,-0.004313529415271262
2022-11-22,-0.0018557304,0.03927774,0.012847696,-0.06950089,-0.008239658903268495
2022-11-23,-0.015069869,0.018855961,-0.0069304737,-0.0836475,-0.0065942039784683435
2022-11-24,-0.00020935523,0.027388087,6.963052e-08,-0.07110585,-0.013024223113744612
2022-11-25,-0.0016799289,0.019569289,-0.00644373,-0.07396678,-0.009760123514929688
2022-11-28,-0.01065722,0.0037853098,-0.01726546,-0.08399305,-0.008098975875245152
2022-11-29,-0.0047737006,0.003998108,-0.0126693845,-0.0801817,-0.012783243816802084
2022-11-30,0.00024732715,0.0048377155,-0.008322417,-0.07726361,-0.012995460587888145
2022-12-01,0.018997714,0.017024174,0.008772016,-0.06133876,-0.009716830697513607
2022-12-02,-0.014917968,-0.020952977,-0.024878992,-0.09389713,0.0025100147240287806
2022-12-05,0.00050610275,-0.009641,-0.010271484,-0.080936745,-0.009399608352756732
2022-12-06,0.0109545225,-0.0024646453,-0.0005186305,-0.072145045,-0.010486921247310033
2022-12-07,0.003906236,-0.012436591,-0.008512211,-0.078894,-0.00379438817785673
2022-12-08,-0.0014686559,-0.019930724,-0.011993031,-0.083213404,-0.0033600144259715178
2022-12-09,0.021944515,0.0013129924,0.010556733,-0.061077174,-0.006739208836801726
2022-12-12,0.03170468,0.009905224,0.017484708,-0.05153335,0.004077557480343124
2022-12-13,0.03310144,0.010899663,0.016525533,-0.04951378,0.016659538130465626
2022-12-14,0.039226398,0.01646749,0.019662492,-0.043332163,0.023336080427771782
2022-12-15,0.021022271,-0.0008937816,0.0022312673,-0.059622798,0.028736669388923
2022-12-16,-0.006787532,-0.027613284,-0.025892973,-0.08484567,0.020430439396016763
2022-12-19,0.017913856,-0.0028183023,-0.0024981727,-0.060807873,-0.0008178691290170667
2022-12-20,0.0137205245,-0.0061527346,-0.0064274394,-0.06351204,0.001852321568019648
2022-12-21,0.007869526,-0.01095423,-0.011607251,-0.06711293,0.004725995958343517
2022-12-22,0.020893412,0.0029603394,7.815634e-09,-0.053143594,0.0034692822184998182
2022-12-23,0.010169977,-0.006095281,-0.008389871,-0.06108228,0.009748216127282373
2022-12-28,0.02992382,0.013603509,0.012409717,-0.040415622,0.008093670455968
2022-12-29,0.022289913,0.00692434,0.0071491543,-0.04505799,0.017893286558213563
2022-12-30,0.031922955,0.01676446,0.018328017,-0.03363389,0.019914293634092983
2023-01-03,0.030342022,0.016691862,0.016873416,-0.032406677,0.02577213224204634
2023-01-04,0.033519354,0.019817408,0.017325643,-0.026000641,0.028103506345639125
2023-01-05,0.038593553,0.024979994,0.021257767,-0.017891575,0.03034599977347648
2023-01-06,0.029174255,0.016693305,0.011305439,-0.023243025,0.034445062085327834
2023-01-09,0.026529353,0.014229473,0.0071310285,-0.02258076,0.031018938558475855
2023-01-10,0.031752486,0.01906309,0.011502229,-0.014299343,0.027002274176914868
2023-01-11,0.015972145,0.0045095715,-0.0047311187,-0.02627014,0.02844190565891519
2023-01-12,0.02826676,0.01798249,0.00769763,-0.010775193,0.02057255309890136
2023-01-13,0.019655863,0.010645472,-0.0007859446,-0.015827276,0.023775416833081972
2023-01-16,0.022324843,0.013999928,0.0019200809,-0.010606626,0.021706944138107812
2023-01-17,0.018009115,0.010368423,-0.0012212086,-0.011560803,0.021831606588257738
2023-01-18,0.021076573,0.012145821,0.0027030045,-0.005668767,0.019807589134024427
2023-01-19,0.022469252,0.013225545,0.0053186845,-0.0015245631,0.020412913628966398
2023-01-20,0.02757999,0.017276209,0.010101053,0.0060580014,0.02195758049036381
2023-01-26,0.021016242,0.009932932,0.0040019834,0.0023639791,0.02561887119753447
2023-01-27,0.022153469,0.011010254,0.0061745616,0.0064106747,0.023392413250433675
2023-01-30,0.041088734,0.028008899,0.022264572,0.027728474,0.022412937473547417
2023-01-31,0.026365137,0.012746355,0.007356107,0.0150707085,0.03307203149869153
2023-02-01,0.022484133,0.00781934,0.0025062952,0.01285928,0.02988430907345919
2023-02-02,0.028332746,0.012669157,0.0069024344,0.020152422,0.023975204616310884
2023-02-03,0.02547667,0.008971532,0.0026703393,0.018675873,0.02417090901503997
2023-02-06,0.017125849,0.00073637924,-0.005510682,0.012053879,0.02303720350753787
2023-02-07,0.014170168,-0.0018196976,-0.008008357,0.010706081,0.017454933741870488
2023-02-08,0.017376319,0.0011692733,-0.004220768,0.015477447,0.012764257569164187
2023-02-09,0.01586302,-0.00017321181,-0.005168046,0.015968801,0.012793944072535215
2023-02-10,0.012032453,-0.003592581,-0.00810062,0.013651947,0.012734809511603369
2023-02-13,0.007326197,-0.008350179,-0.009507235,0.010554078,0.010513269509338135
2023-02-14,0.013656733,-0.0015142941,-0.0017302063,0.018934352,0.006728806638331356
2023-02-15,0.0026867527,-0.01181154,-0.010570075,0.009761753,0.008715119848825356
2023-02-16,-0.0045889285,-0.018139174,-0.014684011,0.0041850135,0.0041328172968590725
2023-02-17,-0.013134629,-0.025911974,-0.019966714,-0.0031725222,-0.002791172139991535
2023-02-20,-0.011039217,-0.02233795,-0.014946316,0.000809124,-0.011036821994241533
2023-02-21,-0.00015786424,-0.010502556,-0.0025374193,0.013505188,-0.013497910618588044
2023-02-22,-0.009119581,-0.017903678,-0.0090327,0.00566252,-0.007358065131473059
2023-02-23,-0.015499399,-0.022670785,-0.012399872,0.00028302893,-0.008045057316411629
2023-02-24,-0.009848916,-0.015422133,-0.0044052997,0.006743989,-0.012895521987684275
2023-02-27,-0.023646321,-0.026564123,-0.015727166,-0.0070325453,-0.012617315338622856
2023-02-28,-0.025831673,-0.026932336,-0.014634176,-0.009150246,-0.019344229313335678
2023-03-01,-0.009892316,-0.00982285,0.0024861863,0.007218444,-0.024589977526482388
2023-03-02,-0.006192625,-0.004830896,0.006127341,0.011210377,-0.01796644471335833
2023-03-03,-0.003788518,-0.00096748985,0.0077174357,0.01419586,-0.010796900800581807
2023-03-06,0.01431248,0.018245744,0.02441611,0.033875164,-0.006134465553522143
2023-03-07,0.02046166,0.024649488,0.02912612,0.040632397,0.005961935106972752
2023-03-08,0.010092082,0.01502758,0.01717296,0.030607732,0.015758451413685596
2023-03-09,0.0066761174,0.0125246085,0.011946515,0.027325531,0.01301176432016119
2023-03-10,-0.006792634,-0.00014222888,-0.0019364599,0.0134018995,0.007582740696142543
2023-03-13,-0.001996532,0.0053800624,0.00089486013,0.018221665,-0.0033150673907471105
2023-03-14,0.017938593,0.025480637,0.016526543,0.038277198,-0.0061889206154286365
2023-03-15,0.018982612,0.026079409,0.014809631,0.03907588,0.005231754424660066
2023-03-16,0.021073874,0.027074007,0.014070313,0.040879756,0.013061346145821535
2023-03-17,0.021365296,0.025782792,0.0117463935,0.040693324,0.01689190357251435
2023-03-20,0.018260412,0.021200791,0.008096197,0.036640473,0.017607151585962696
2023-03-21,0.010126799,0.012273333,0.00065729226,0.027382262,0.015370649109106842
2023-03-22,0.0072434586,0.008398934,-0.002184058,0.023476068,0.009198136545993217
2023-03-23,0.013105644,0.012799637,0.0029031516,0.028752338,0.004324438311088326
2023-03-24,0.0024378714,0.0011719016,-0.008961453,0.0169729,0.005894603971314969
2023-03-27,-0.004810751,-0.0072240117,-0.01607657,0.008978969,0.0011732428034073906
2023-03-28,0.002294211,-0.001917123,-0.007828249,0.015203319,-0.005973097351463163
2023-03-29,0.006503861,0.0012791594,-0.0024652004,0.018858628,-0.005409307136086985
2023-03-30,0.008951581,0.0027427431,0.0011455626,0.021003015,-0.0012955953097709132
2023-03-31,0.0069420594,1.2642866e-05,0.0006178073,0.018273834,0.0027671487246129726
2023-04-03,0.0067961942,-1.741208e-06,0.0015899482,0.017520389,0.003449595536294433
2023-04-04,0.01279111,0.0061934297,0.007327635,0.023060037,0.0031716422359063623
2023-04-06,0.012694603,0.0057383017,0.0066166813,0.02247066,0.006295520795455223
2023-04-11,0.021184955,0.0135164345,0.014454354,0.03061153,0.007912734794608741
2023-04-12,0.026065813,0.01683001,0.01714286,0.034997705,0.013320268489982296
2023-04-13,0.025164671,0.014302056,0.013057601,0.033414964,0.01867270630033442
2023-04-14,0.026602209,0.015344071,0.012149201,0.034728494,0.01978308882702545
2023-04-17,0.027063323,0.0155531755,0.010726467,0.035228215,0.020270024977198618
2023-04-18,0.02936571,0.017513115,0.011050154,0.03756603,0.020533477791753352
2023-04-19,0.020281993,0.008579856,0.0007817722,0.028416721,0.021949965127300256
2023-04-20,0.017295986,0.005777302,-0.0031233768,0.025360553,0.01724891656184986
2023-04-21,0.020382214,0.008528354,-0.00069331226,0.028541025,0.01271585306969175
2023-04-24,0.026063394,0.013454498,0.00372072,0.034365337,0.012742916669150478
2023-04-25,0.017737646,0.0051084356,-0.004066851,0.025837611,0.016890651732010754
2023-04-26,0.024228662,0.010726474,0.0026819455,0.032513496,0.01452383861987565
2023-04-27,0.027018016,0.012316755,0.00553356,0.03554003,0.016600984781196162
2023-04-28,0.030737177,0.014902074,0.008984147,0.039281648,0.01977951213987231
2023-05-02,0.030692058,0.014184725,0.00897637,0.039479032,0.02352361805750121
2023-05-03,0.028761454,0.01191253,0.0075914776,0.037926063,0.025178879066246208
2023-05-04,0.034429755,0.01699298,0.012396545,0.044454925,0.024499591661550017
2023-05-05,0.042570956,0.02415873,0.01853437,0.053158075,0.027315651582982124
2023-05-08,0.064454235,0.044166345,0.036278266,0.07589833,0.03376029042699683
2023-05-09,0.06244693,0.04089857,0.03152349,0.07476954,0.05024428773255918
2023-05-10,0.054335155,0.032417975,0.020718688,0.06742596,0.056585083426227846
2023-05-11,0.07210848,0.04881681,0.033960927,0.08631426,0.05232436975791789
2023-05-12,0.048227075,0.025357252,0.009381692,0.06327983,0.06038912865939804
2023-05-15,0.057988305,0.034585234,0.016765438,0.07462944,0.049764549665281696
2023-05-16,0.053360004,0.02954863,0.010302364,0.07102241,0.05003157916698956
2023-05-17,0.031090928,0.007948544,-0.011608626,0.0492182,0.04860741685692655
2023-05-18,0.021206487,-0.0017735987,-0.020387927,0.039660163,0.03432461714544598
2023-05-19,0.01781758,-0.005566761,-0.022225833,0.03601083,0.02122979916901635
2023-05-22,0.016314005,-0.0074565806,-0.020129602,0.034373388,0.01400699242338438
2023-05-23,-0.012399823,-0.034651417,-0.042081494,0.004908034,0.011395846870100684
2023-05-24,-0.003396671,-0.025582606,-0.028734583,0.013919313,-0.005012414084994009
2023-05-25,-0.00497955,-0.026261555,-0.02342109,0.012539629,-0.008963639994515746
2023-05-29,-0.012347828,-0.032353316,-0.02540573,0.0050036837,-0.009166378544645998
2023-05-30,-0.009900938,-0.029085156,-0.017093943,0.007280908,-0.012394606951887597
2023-05-31,-0.017598798,-0.035543658,-0.018494572,-0.00093185436,-0.01273303607088994
2023-06-01,-0.024251599,-0.04088712,-0.020404622,-0.008092447,-0.01652810978045102
2023-06-02,-0.018362971,-0.033751626,-0.0110149225,-0.0024642472,-0.022509299386598153
2023-06-05,-0.0037593301,-0.01792192,0.005835201,0.012264605,-0.02249707903882494
2023-06-06,-0.003264069,-0.014716345,0.008478882,0.012891539,-0.013309508622796612
2023-06-07,-0.009660949,-0.018099366,0.0018077638,0.0064365435,-0.0069930344017692676
2023-06-08,-0.012403809,-0.018206919,-0.00011647525,0.0035392668,-0.008488655940579305
2023-06-09,-0.009329294,-0.011440997,0.0036862465,0.006864511,-0.012193477910976257
2023-06-12,-0.010722928,-0.010005965,0.0024735136,0.0056408956,-0.01242879411992632
2023-06-13,-0.0068519507,-0.0029481202,0.00636487,0.00981182,-0.012716478989943549
2023-06-14,-0.01745985,-0.010330719,-0.0044364966,-0.0009973352,-0.010427339600484045
2023-06-15,-0.021848315,-0.012426974,-0.009326115,-0.0055421973,-0.014907945014396165
2023-06-16,-0.00489984,0.006122737,0.0065876096,0.011786139,-0.020516250081965746
2023-06-19,-0.0053249695,0.0070018987,0.006410811,0.011494311,-0.013752719772522697
2023-06-20,0.07078912,0.082703605,0.076842606,0.08977892,-0.008586686974301502
2023-06-21,0.07133352,0.08028152,0.07004063,0.09130797,0.038970018419938836
2023-06-23,0.0627106,0.069211155,0.05438972,0.08317578,0.06486143317854226
2023-06-26,0.036639534,0.04131632,0.024024598,0.056896653,0.06508789708678832
2023-06-27,0.04064997,0.043181483,0.0230353,0.061559703,0.04402629163114818
2023-06-28,0.053002216,0.053052124,0.02952303,0.07470267,0.035346968459580456
2023-06-29,0.045704775,0.043050494,0.016283948,0.06767542,0.04111470435700107
2023-06-30,0.045325883,0.039559595,0.009364377,0.067726314,0.040735828867442016
2023-07-03,0.049787235,0.041179705,0.008562469,0.07293973,0.039431023588251776
2023-07-04,0.04567906,0.03519849,-0.0001636002,0.06933965,0.04144782805672626
2023-07-05,0.03082639,0.019011386,-0.010826801,0.054501064,0.03997918070019612
2023-07-06,0.022261612,0.008892048,-0.014814849,0.0459195,0.030688273831168445
2023-07-07,0.010368968,-0.0041214745,-0.021730175,0.033965494,0.02144496670700375
2023-07-10,0.003030454,-0.012387206,-0.026248287,0.026426064,0.01112315428040035
2023-07-11,0.013445511,-0.003603306,-0.013932509,0.03705277,0.0025494476998921033
2023-07-12,0.017865535,-0.000752622,-0.006567518,0.04157894,0.005338831496307071
2023-07-13,0.03802814,0.016370248,0.013962786,0.062309906,0.01115012846268025
2023-07-14,0.041042432,0.016344458,0.017526353,0.06548377,0.026060010849284363
2023-07-18,0.034125544,0.0075274985,0.012300526,0.058200173,0.03504685460170608
2023-07-19,0.0325191,0.0037527466,0.011889934,0.056175716,0.03317888502739146
2023-07-20,0.039704874,0.011592842,0.017680712,0.06285767,0.029327538106621046
2023-07-21,0.048384383,0.020753385,0.02341358,0.07106577,0.03143942284191639
2023-07-24,0.040149834,0.013452223,0.0122826295,0.061978266,0.038066830399456346
2023-07-25,0.041602477,0.013931257,0.00943783,0.062457863,0.03579232562159842
2023-07-26,0.059149202,0.03019825,0.022207657,0.07984249,0.03382347856670224
2023-07-27,0.060797736,0.031351455,0.019662024,0.08075746,0.0434955857719385
2023-07-28,0.07225258,0.04141038,0.02767435,0.09201024,0.04958000751104302
2023-07-31,0.069777906,0.038419038,0.023222052,0.08953778,0.05874426984912341
2023-08-01,0.07620939,0.04429473,0.026237646,0.09643631,0.061107208216842616
2023-08-02,0.04785272,0.017128797,-0.001841097,0.06785108,0.0653908722943852
2023-08-03,0.050516497,0.019294916,7.984253e-05,0.071002975,0.04929885009508027
2023-08-04,0.038569983,0.0077613313,-0.009742896,0.059633363,0.0428238094102639
2023-08-07,0.049167585,0.017017856,7.973284e-05,0.07117245,0.034681004214529694
2023-08-08,0.037386544,0.004566221,-0.010507848,0.059642445,0.03833932925193588
2023-08-09,0.033059128,8.060157e-05,-0.011952229,0.055883735,0.03441260364941313
2023-08-10,0.035365198,0.0020927016,-0.007177037,0.05909793,0.029737828831675143
2023-08-11,0.03661082,0.004140334,-0.0023164982,0.06143767,0.029386955821952512
2023-08-14,0.015741479,-0.01439024,-0.017313238,0.0410798,0.031143779842983433
2023-08-15,0.003540984,-0.024645139,-0.022562377,0.029360937,0.020113008411175956
2023-08-16,0.009683766,-0.01760585,-0.013322498,0.036209356,0.0070747617032184225
2023-08-17,0.00031348952,-0.025096646,-0.018226117,0.026957698,0.004706368887590684
2023-08-18,-0.030007133,-0.051727638,-0.042423278,-0.0040151197,4.694401888490817e-05
2023-08-21,-0.034704406,-0.053584334,-0.039927766,-0.008616368,-0.019048139228508582
2023-08-22,-0.034405578,-0.050550945,-0.03348184,-0.008244685,-0.03213122865164855
2023-08-23,-0.03736882,-0.049786568,-0.030277833,-0.011297334,-0.03689208240687201
2023-08-24,-0.028095536,-0.037136678,-0.015094652,-0.0017015863,-0.03861126179561617
2023-08-25,-0.031313673,-0.03596703,-0.011744907,-0.0047220094,-0.03329722866357084
2023-08-28,-0.019253466,-0.019865312,0.0043742056,0.008194528,-0.030445074007618343
2023-08-29,-0.0007219674,0.0023454102,0.02413185,0.0276214,-0.022567793124415064
2023-08-30,0.0013111021,0.006672773,0.027495226,0.030121814,-0.007548464110924991
2023-08-31,0.007965403,0.014182082,0.03265889,0.03597756,0.0015411199799705518
2023-09-04,0.0012973564,0.007952383,0.02162974,0.02802225,0.007639028810215018
2023-09-05,-0.009913743,-0.0017576105,0.0067374166,0.015526941,0.004501901605336417
2023-09-06,-0.01568599,-0.005850099,-0.0015156928,0.009101463,-0.005678780707349496
2023-09-07,-0.018811094,-0.0073991213,-0.007128556,0.005255033,-0.014898168736177594
2023-09-11,-0.024054639,-0.010977212,-0.0136684,-0.0010580843,-0.020802921557289588
2023-09-12,-0.018729106,-0.003708316,-0.010056195,0.0036200474,-0.025705352512324666
2023-09-13,-0.00941561,0.006379344,-0.0018730066,0.012465026,-0.024603956412105894
2023-09-14,-0.018875584,-0.0029546372,-0.0099576805,0.0018265903,-0.01764080225092845
2023-09-15,-0.013543348,0.0030153855,-0.003138282,0.0063711903,-0.018406883930540737
2023-09-18,-0.025664508,-0.008536258,-0.012044111,-0.0067099375,-0.016739685728422146
2023-09-19,-0.010815985,0.0055286363,0.0046393946,0.0080573065,-0.021987609759587013
2023-09-20,-0.018456202,-0.0030377212,-0.0018579072,-2.978531e-05,-0.016984554672643707
2023-09-21,-0.030961275,-0.01598016,-0.012773884,-0.012992119,-0.01720826155120922
2023-09-22,-0.025102949,-0.010785587,-0.006011257,-0.0073715015,-0.02493444230505565
2023-09-25,-0.02903317,-0.015002724,-0.009573808,-0.011814849,-0.026571894392350658
2023-09-26,-0.034932505,-0.021540247,-0.014514936,-0.018717239,-0.028522872914344303
2023-09-27,-0.028395737,-0.015069279,-0.006380211,-0.013007765,-0.03267279869808588
2023-09-28,-0.033502888,-0.019130897,-0.010567633,-0.019005878,-0.03134806829088004
2023-09-29,-0.034435797,-0.018728012,-0.009824879,-0.020672793,-0.03238071748344292
2023-10-03,-0.044191997,-0.02679287,-0.018667527,-0.031311985,-0.03351381197355636
2023-10-04,-0.068348214,-0.04932431,-0.038958803,-0.056932114,-0.03919171341198071
2023-10-05,-0.055285867,-0.034671344,-0.022426082,-0.04466778,-0.05481053990092576
2023-10-06,-0.039913617,-0.018373337,-0.005898654,-0.029807849,-0.057429375331588706
2023-10-09,-0.047466498,-0.025751062,-0.0120985275,-0.038759116,-0.04812605437756702
2023-10-10,-0.048224647,-0.026445935,-0.011526389,-0.04080355,-0.04476836479824504
2023-10-11,-0.036304098,-0.014472768,0.00043724553,-0.030256085,-0.04463593795640018
2023-10-12,-0.014625736,0.0073307846,0.021425473,-0.009922948,-0.0392198202118591
2023-10-13,-0.03122601,-0.010106208,0.003502647,-0.028482042,-0.024051030383957367
2023-10-16,-0.026458263,-0.0050181295,0.007799509,-0.02505844,-0.024637696494250474
2023-10-17,-0.01667461,0.0041985363,0.0153172165,-0.016639417,-0.025211322599297776
2023-10-18,-0.012223735,0.008840378,0.0144674955,-0.013610781,-0.020633386586230946
2023-10-19,-0.030076703,-0.009333652,-0.006616783,-0.03317971,-0.015781297502876254
2023-10-20,-0.038622178,-0.018132705,-0.015607198,-0.043335926,-0.023874163204234796
2023-10-24,-0.04119328,-0.02035135,-0.019026114,-0.047583997,-0.03443743181940114
2023-10-25,-0.038581025,-0.017595924,-0.017553033,-0.04673199,-0.041309007886595174
2023-10-26,-0.030872827,-0.010229981,-0.010403032,-0.0409245,-0.04255788272042825
2023-10-27,-0.009351529,0.01128518,0.011639175,-0.02098113,-0.0379028541963482
2023-10-30,-0.008594128,0.011506392,0.010754638,-0.021317186,-0.02247719861939876
2023-10-31,-0.016940743,0.0024952565,0.001574497,-0.030734384,-0.012774838601992215
2023-11-01,-0.010964187,0.007528019,0.007616219,-0.025801431,-0.014096215864991983
2023-11-02,0.0035738465,0.020042803,0.022140553,-0.011761181,-0.01331900174661556
2023-11-03,0.012677304,0.027406188,0.028347112,-0.0029234567,-0.004415062621830906
2023-11-06,0.022439878,0.035832312,0.033226334,0.0066828844,0.005981308829052238
2023-11-07,0.0058703204,0.01767032,0.012527008,-0.009758829,0.016137043748845028
2023-11-08,-0.004276631,0.006027426,-0.0008613965,-0.020135581,0.010039239238642528
2023-11-09,-0.0008098707,0.00862182,-0.00017178844,-0.017126834,-0.0013155204377865075
2023-11-10,-0.010605087,-0.0010838285,-0.010139138,-0.027567696,-0.005370231828938976
2023-11-13,0.0037834267,0.01182485,0.002575122,-0.014342462,-0.011373343546762204
2023-11-14,0.006185018,0.012680123,0.0021413076,-0.012952419,-0.0061416189278284145
2023-11-15,0.033978526,0.038489804,0.02507251,0.014226375,-0.0008142179275482406
2023-11-16,0.030732723,0.033515953,0.019054115,0.011092747,0.017587211555083963
2023-11-17,0.024780588,0.02526577,0.012066607,0.00541725,0.025447458465720434
2023-11-20,0.04494559,0.04206872,0.03035958,0.02545845,0.02355765619690855
2023-11-21,0.038496733,0.032346405,0.021305494,0.0194441,0.03341104182935625
2023-11-22,0.04467355,0.035157904,0.023224482,0.02615595,0.03472955774263351
2023-11-23,0.05500822,0.04192289,0.028538058,0.036912415,0.03764381262928234
2023-11-24,0.04681495,0.031494386,0.015228402,0.029193234,0.044983174667517126
2023-11-27,0.04109513,0.023911089,0.006383281,0.024118416,0.04295385179400667
2023-11-28,0.033075534,0.013755048,-0.003967673,0.016564336,0.03735782668566285
2023-11-29,0.03502652,0.013848194,-0.0019827422,0.01897197,0.029570976375981353
2023-11-30,0.04059611,0.017715782,0.002392502,0.024614945,0.027671025257372445
2023-12-01,0.01485015,-0.0076624365,-0.021873817,-0.00079489005,0.03126850190458591
2023-12-04,0.024369918,0.0019159652,-0.010703532,0.008812853,0.01842235310247805
2023-12-05,0.02058277,-0.0023326506,-0.012795657,0.0052702557,0.016863304978152402
2023-12-06,0.02863699,0.0043248166,-0.0033396506,0.013618408,0.015606084540962009
2023-12-07,0.049043614,0.022688828,0.017677894,0.034733497,0.0201319350473613
2023-12-08,0.055567306,0.026624318,0.02376101,0.04218139,0.03537456856211215
2023-12-11,0.047451437,0.017336547,0.015803069,0.03516436,0.0470671165344286
2023-12-12,0.057150297,0.025149155,0.023515368,0.045899294,0.046063498119258674
2023-12-13,0.050377667,0.018709103,0.016162159,0.040594272,0.049579694550917125
2023-12-14,0.08678873,0.05335161,0.04855236,0.07920379,0.0471909891328322
2023-12-15,0.0864734,0.05175324,0.04245203,0.08111605,0.0687916758567656
2023-12-18,0.08224741,0.047159266,0.033528704,0.078815274,0.0792870768332012
2023-12-19,0.07621446,0.040821116,0.023112943,0.07505203,0.07891858863924937
2023-12-20,0.0677399,0.032692,0.011813904,0.06883503,0.07332196741638003
2023-12-21,0.072066605,0.037081774,0.014005496,0.075413115,0.06533057531012858
2023-12-22,0.06922257,0.03376828,0.009810934,0.07435144,0.06548741304179359
2023-12-27,0.07838377,0.04184375,0.015792435,0.08597817,0.06520428844789661
2023-12-28,0.0832059,0.045051638,0.018087003,0.092984244,0.07141490763205427
2023-12-29,0.08063896,0.04109112,0.012807389,0.09240068,0.07780617932317156
2024-01-02,0.06915146,0.029051663,0.0034546629,0.08249344,0.07844837350151711
2024-01-03,0.06322348,0.021652002,0.00015706095,0.0786938,0.07100925169743612
2024-01-04,0.06451779,0.02176958,0.0033734152,0.08236083,0.06396831949354109
2024-01-05,0.05994267,0.01623423,0.00094054954,0.08009461,0.06268124862148516
2024-01-08,0.045719046,0.0021820555,-0.010343239,0.06785721,0.06037523919095337
2024-01-09,0.047291648,0.0040383544,-0.0065031317,0.07167757,0.050669481320751344
2024-01-10,0.03545958,-0.0067220796,-0.015133738,0.061038066,0.047173299434287316
2024-01-11,0.039186478,-0.0030390846,-0.008322894,0.0662742,0.03910615607470507
2024-01-12,0.037769277,-0.0036259738,-0.00558563,0.0665119,0.03760920818107575
2024-01-15,0.03242982,-0.008225391,-0.00646581,0.06248087,0.03709893414722837
2024-01-16,0.02906379,-0.0093708215,-0.006476082,0.05984324,0.03376403104564449
2024-01-17,-0.009303038,-0.04333417,-0.038095288,0.020527387,0.029799839645192634
2024-01-18,0.0029612768,-0.029095437,-0.0214359,0.033300817,0.005127285354062223
2024-01-19,-0.009354379,-0.03818717,-0.02771092,0.020925444,-0.0012915268281342212
2024-01-22,-0.022413725,-0.04780807,-0.034776967,0.0079505,-0.00838573676774782
2024-01-23,-0.021570878,-0.043713633,-0.027923895,0.009229101,-0.018499356196312437
2024-01-24,-0.008984866,-0.028320689,-0.011122846,0.023095064,-0.022836685484015188
2024-01-25,0.0067350008,-0.009948436,0.00789066,0.040330086,-0.01665572299750228
2024-01-26,-0.0025483638,-0.015579274,0.0026105577,0.031653114,-0.002709921730162799
2024-01-29,0.008728548,-0.0017653933,0.01617378,0.043897893,-0.00022039844294885933
2024-01-30,-0.0033467556,-0.011095005,0.0070411083,0.031856764,0.005472346247161005
2024-01-31,0.006132639,0.0006037832,0.015108218,0.042231802,0.0010820819895918405
2024-02-01,0.019729732,0.015829423,0.027040096,0.056565665,0.0026825600734413095
2024-02-02,0.038420882,0.035593543,0.041295588,0.07647928,0.011933616686437798
2024-02-05,0.035452355,0.03310919,0.032569177,0.07373068,0.027933867054538517
2024-02-06,0.083966,0.0803657,0.07066209,0.124753065,0.03275190309562273
2024-02-07,0.06266904,0.058272928,0.04288186,0.10340735,0.06282604483973461
2024-02-08,0.04646419,0.04212413,0.023368865,0.08716582,0.0626316220872354
2024-02-09,0.031247474,0.027563902,0.0053860066,0.071997665,0.04808955726574189
2024-02-14,0.030499546,0.027173452,0.0026446818,0.071684025,0.030899432498971702
2024-02-15,0.01812011,0.015329452,-0.011704515,0.05919308,0.02367819055396923
2024-02-16,0.023482533,0.019573417,-0.007881433,0.06565533,0.015002220526607572
2024-02-19,0.020294443,0.015807597,-0.011031374,0.06287168,0.015152918278659696
2024-02-20,0.034203436,0.028070658,0.0031590543,0.07819744,0.015106227608448135
2024-02-21,0.026153365,0.017935758,-0.0037724504,0.070354305,0.024061492193880287
2024-02-22,0.021765897,0.011249095,-0.002474531,0.06579952,0.02422183209838274
2024-02-23,0.0059677507,-0.0057106772,-0.013198711,0.049101386,0.02088689919107259
2024-02-26,0.009741552,-0.0024996265,-0.0063803354,0.052938357,0.009610781923423128
2024-02-27,0.052290864,0.037031285,0.033573717,0.09742667,0.006108609085977598
2024-02-28,0.046608794,0.029776728,0.026592514,0.091565266,0.031343895489201384
2024-02-29,0.027898962,0.009007617,0.0064784857,0.070883304,0.04224221027343773
2024-03-01,0.02736488,0.0065949378,0.004850995,0.06923373,0.03200504610945855
2024-03-04,0.028340293,0.006352247,0.004457399,0.069354996,0.023829573837725705
2024-03-05,0.014581578,-0.0068902303,-0.0076923613,0.054005243,0.02067895954170715
2024-03-06,0.031025162,0.008959255,0.007835426,0.07030137,0.011925956614784832
2024-03-07,0.024912013,0.0051993052,0.0013043664,0.06308903,0.017532100767199393
2024-03-08,0.018957363,0.0008234898,-0.006076172,0.05621898,0.018487702157338467
2024-03-11,0.017101644,-0.0004022232,-0.009080734,0.053170655,0.014611035272096475
2024-03-12,0.039693434,0.020907868,0.014086259,0.0755403,0.010848136844050478
2024-03-13,0.035968434,0.016496489,0.011470741,0.07072309,0.023048544586385937
2024-03-14,0.021188248,0.0013047908,-0.0024265097,0.054568656,0.028354232115073947
2024-03-15,0.020721674,0.0005680388,-0.0022864472,0.053083297,0.0205038210941086
2024-03-18,0.019553816,-0.0009870477,-0.0026960822,0.050687786,0.014979329728827503
2024-03-19,0.008213298,-0.011395357,-0.013461073,0.037705746,0.012144775354241057
2024-03-20,-0.0015562526,-0.020090986,-0.020098936,0.026509026,0.004680557128635554
2024-03-21,0.017852848,-0.0009511564,-0.00023491346,0.045482256,-0.004451261676393268
2024-03-22,-3.791998e-05,-0.018453265,-0.015995001,0.026357453,0.002746180396177714
2024-03-25,0.0028389257,-0.015543447,-0.011851448,0.028480684,-0.0017538732541295835
2024-03-26,0.0041049244,-0.012153636,-0.0071648397,0.028860524,-0.0037134507281538927
2024-03-27,-0.0040856726,-0.017972898,-0.01145796,0.019592075,-0.0030445357162017968
2024-03-28,-0.0074648974,-0.019812537,-0.0121207815,0.0153980665,-0.006544011135419337
2024-04-02,0.0017584803,-0.008783734,-0.0003173681,0.025022406,-0.010452286993377167
2024-04-03,-0.0045630015,-0.013135181,-0.0038953966,0.018528128,-0.006568779693954803
2024-04-05,-0.021097502,-0.02762055,-0.01737327,0.0014976286,-0.006813991404028542
2024-04-08,-0.023526244,-0.027023613,-0.017322576,-0.00097578525,-0.016640224019838692
2024-04-09,-0.016565448,-0.017574433,-0.006484675,0.0062354924,-0.023713301699522512
2024-04-10,0.0013491176,0.0017818643,0.011919094,0.024479404,-0.022165058150971965
2024-04-11,-0.012607588,-0.0107407095,-0.00080058037,0.00978067,-0.00963681722532533
2024-04-12,-0.02721506,-0.02225753,-0.012761833,-0.0055391085,-0.009911104421381435
2024-04-15,-0.028905416,-0.021162959,-0.012544216,-0.0076442123,-0.0200431437887847
2024-04-16,-0.03930442,-0.02904865,-0.020477293,-0.018559821,-0.02718958826369722
2024-04-17,-0.043883067,-0.0311336,-0.021290429,-0.023820566,-0.03546456695260294
2024-04-18,-0.0504355,-0.03533094,-0.024390189,-0.031245379,-0.041454653568043495
2024-04-19,-0.05416325,-0.03744612,-0.026180612,-0.036252692,-0.04688805863382473
2024-04-22,-0.0321741,-0.014448351,-0.0033467237,-0.014779431,-0.05118133505809136
2024-04-23,-0.02361581,-0.005296969,0.004901979,-0.0078104287,-0.04152889963219734
2024-04-24,-0.012426622,0.0057041724,0.0173515,0.0022043958,-0.029573569474167376
2024-04-25,-0.004041661,0.014041176,0.025116563,0.009663215,-0.017175713698115682
2024-04-26,-0.0054240245,0.012832422,0.0217249,0.0073947334,-0.0068919035725143515
2024-04-29,-0.005201046,0.012832422,0.019809224,0.0067623137,-0.00393733644107706
2024-04-30,-0.018448545,-0.0004050414,0.0043952353,-0.0073517594,-0.004229447461446293
2024-05-02,-0.006340351,0.012196566,0.013305175,0.0039202753,-0.012954209462721978
2024-05-03,-0.0046347626,0.013899555,0.010745726,0.004809395,-0.011582266785094752
2024-05-06,0.0035909715,0.020845944,0.013339737,0.012005158,-0.008771050294182518
2024-05-07,0.013872879,0.029578207,0.01944473,0.021568706,-0.0030548037889039244
2024-05-08,0.014524537,0.028972609,0.016584255,0.021694332,0.005619690855007064
2024-05-09,0.01875468,0.03314796,0.01828312,0.025847316,0.01000877778638832
2024-05-10,0.04087928,0.053901833,0.03663843,0.04809264,0.013832211644501142
2024-05-13,0.047074113,0.05659775,0.037468538,0.05355095,0.02866121619285497
2024-05-14,0.048385985,0.05431307,0.03342986,0.05414115,0.03950844396225403
2024-05-16,0.0593873,0.06120816,0.036973644,0.065358214,0.043497448629830765
2024-05-17,0.051491234,0.049175207,0.023859223,0.057521418,0.05030307952763885
2024-05-20,0.05464936,0.047701634,0.021410586,0.0607938,0.047712514828348825
2024-05-21,0.04891552,0.037628688,0.011836528,0.055318005,0.04715127300256925
2024-05-22,0.052168593,0.03711792,0.011329945,0.05850499,0.04340071414520157
2024-05-23,0.049802378,0.03161657,0.0057558254,0.056202974,0.04364629842685377
2024-05-24,0.029567573,0.009842774,-0.014819206,0.035821512,0.04284863758025192
2024-05-27,0.042982504,0.021102205,-0.0020398027,0.049590323,0.03020558499698962
2024-05-28,0.043426078,0.019078797,-0.0015860086,0.049910218,0.03220367146936269
2024-05-29,0.02060152,-0.0048870104,-0.021492315,0.026651472,0.03539896454906917
2024-05-30,-0.00592176,-0.031985175,-0.041711025,-0.0003820569,0.02340439515239668
2024-05-31,-0.012959208,-0.039304443,-0.043368366,-0.00791417,0.0012710204884562421
2024-06-03,0.00625876,-0.02152089,-0.020514607,0.011185826,-0.013589846381286772
2024-06-04,0.027984636,-0.0013679643,0.0030060764,0.033239245,-0.008196217057221034
2024-06-05,0.01858613,-0.010532011,-0.0025504353,0.024004677,0.010516443819186542
2024-06-06,0.03240936,0.0020944627,0.012977285,0.03789525,0.015856333418776417
2024-06-07,0.043998137,0.012750264,0.023719609,0.049938317,0.024034607428779216
2024-06-11,0.047578953,0.01655361,0.027581897,0.05397392,0.03420297997651309
2024-06-12,0.031646956,0.0021235412,0.013540325,0.038191628,0.04060985496533594
2024-06-13,0.050851803,0.021464095,0.030214507,0.05811967,0.03275655278892181
2024-06-14,0.036161337,0.0088887755,0.01214881,0.043829378,0.03920241366771384
2024-06-17,0.011905532,-0.0129287075,-0.014193124,0.019072095,0.034030375015648005
2024-06-18,0.019831259,-0.0033289653,-0.0078509925,0.027058562,0.015464388118245277
2024-06-19,0.030340165,0.008570952,0.002537042,0.037981164,0.010593566135926035
2024-06-20,0.022769408,0.0031860946,-0.004990416,0.030538524,0.017128829290683326
2024-06-21,-0.0007226367,-0.01744749,-0.025084691,0.0066775694,0.01761043021585307
2024-06-24,-0.0017263476,-0.017309949,-0.022393795,0.0052237995,0.0037082347260555698
2024-06-25,-0.024616554,-0.037175376,-0.038775355,-0.018061126,-0.004730183662885313
2024-06-26,-0.003281921,-0.013701317,-0.014413665,0.0036009892,-0.01987492026968221
2024-06-27,-0.021037139,-0.02945214,-0.025327317,-0.01412112,-0.01542283893581635
2024-06-28,-0.0069985134,-0.015216564,-0.006846639,0.00041779637,-0.01913484408624585
2024-07-02,0.0012288612,-0.0072856317,0.002912692,0.009400303,-0.013883641425190607
2024-07-03,0.0067984145,-0.0011288931,0.010474917,0.01606601,-0.005414880806900621
2024-07-04,0.002134728,-0.003855278,0.009311882,0.012661831,0.002321612728237349
2024-07-05,-0.011241906,-0.015741933,-0.0007121207,-0.00012848666,0.003267646480241784
2024-07-08,-0.018078396,-0.020411352,-0.0060980516,-0.006038493,-0.005071563548788994
2024-07-09,-0.019987294,-0.019715188,-0.0066592353,-0.0073671774,-0.014164873355469053
2024-07-10,-0.011747766,-0.009016066,-7.9112e-05,0.0013786298,-0.019428847770233616
2024-07-11,0.0077683753,0.011725071,0.018474692,0.02166474,-0.016734141863334783
2024-07-12,0.025307637,0.030992486,0.03164004,0.04016518,-0.0029445524074085115
2024-07-15,0.010854111,0.018093418,0.015502746,0.026235567,0.015150071831800326
2024-07-16,0.008375758,0.015845627,0.012272333,0.024268672,0.014785205033591053
2024-07-17,0.011300226,0.019328054,0.01483218,0.027781455,0.010088716744260907
2024-07-18,0.018103315,0.026927397,0.020169716,0.0353196,0.008979347612263268
2024-07-19,0.008962299,0.018184591,0.008775258,0.026287772,0.013128453738532248
2024-07-22,0.020553527,0.02879052,0.016464438,0.03842353,0.010059685966867954
2024-07-23,0.016773472,0.02385891,0.008849663,0.034643527,0.01430569050926064
2024-07-24,0.015791163,0.020169713,0.0045241374,0.03328965,0.014376777166429214
2024-07-25,0.022544798,0.025023209,0.009181235,0.040193155,0.012683513856682146
2024-07-26,0.020832743,0.020534618,0.007419816,0.038397547,0.015595175645144945
2024-07-29,0.036088392,0.033030633,0.019598806,0.05359331,0.01645967583292102
2024-07-30,0.0319055,0.026866492,0.012927679,0.049123887,0.025516548139228507
2024-07-31,0.038502786,0.031498875,0.016602335,0.055621814,0.027576928579518697
2024-08-01,0.069847755,0.059567187,0.04267196,0.08757428,0.03125191501791324
2024-08-02,0.0596745,0.046045896,0.028044438,0.077322476,0.052172345651046476
2024-08-05,0.05497354,0.03783633,0.020393051,0.0725675,0.055556368589533424
2024-08-06,0.04089496,0.021196103,0.0048417617,0.058489893,0.0512804390979595
2024-08-07,0.0674007,0.04366829,0.025925934,0.08566613,0.03946079950880163
2024-08-08,0.06313428,0.03709819,0.018286347,0.08174182,0.05033076904734938
2024-08-09,0.061484594,0.034495637,0.013503553,0.080920696,0.05477754496193809
2024-08-12,0.058541957,0.03054289,0.009583699,0.07917676,0.05503256275595667
2024-08-13,0.06970706,0.039985236,0.017837718,0.09212747,0.05306419259268091
2024-08-14,0.07344628,0.04182872,0.018840516,0.09717023,0.05933013120480707
2024-08-15,0.06854873,0.035335854,0.014545204,0.092764266,0.06518446763992299
2024-08-16,0.05685235,0.022338279,0.003830228,0.08137121,0.06455085751074496
2024-08-19,0.04792012,0.012593165,-0.004332128,0.072627544,0.056181841755438056
2024-08-20,0.044624344,0.0079848245,-0.008431161,0.06918337,0.04648802107860962
2024-08-21,0.044447854,0.006247983,-0.0071381875,0.06887569,0.04027857922063987
2024-08-22,0.04172976,0.0027346865,-0.008151238,0.06627513,0.03837780844455837
2024-08-23,0.03945854,-0.00076417386,-0.0090220235,0.063614696,0.03679294856127759
2024-08-26,0.048802953,0.0075914003,0.00057707896,0.073192306,0.034734416076016524
2024-08-27,0.06185468,0.019343551,0.014346431,0.08732447,0.03948935339457416
2024-08-28,0.06365333,0.020341648,0.017510861,0.089743726,0.05055066079295154
2024-08-29,0.05456355,0.012420602,0.010304879,0.080513984,0.056900517427408155
2024-08-30,0.04994379,0.008548966,0.006769523,0.07594432,0.05293127395635249
2024-09-02,0.040919922,0.00089303765,-0.0007461681,0.067330174,0.046938102448242355
2024-09-03,0.03457451,-0.0046716747,-0.005565713,0.06161425,0.038638623452337664
2024-09-04,0.041918684,0.0043905773,0.0025307743,0.07037227,0.03123066353507836
2024-09-05,0.046516683,0.01006675,0.006909426,0.0757951,0.03330675159311607
2024-09-09,0.04400185,0.009208238,0.004629414,0.07424054,0.03839199597026581
2024-09-10,0.048387084,0.014503564,0.009194645,0.079445004,0.03943550935005633
2024-09-11,0.025738226,-0.005325466,-0.009453698,0.05635042,0.041975270188908696
2024-09-12,0.03660221,0.007111663,0.003482286,0.067682445,0.029328685627082674
2024-09-13,0.039084733,0.011215724,0.0073311976,0.07044431,0.029100329055218088
2024-09-16,0.04558262,0.018745216,0.014336115,0.07790923,0.032272567405649974
2024-09-17,0.051739827,0.02544568,0.019748684,0.08532388,0.03835223513141345
2024-09-19,0.047522917,0.021993883,0.014814306,0.082153186,0.045007078859990585
2024-09-20,0.052183703,0.026854753,0.01869032,0.08813458,0.04485301306086925
2024-09-23,0.047709312,0.022403877,0.014162688,0.08421531,0.04667700428606344
2024-09-24,0.04941267,0.023444146,0.014976189,0.08634427,0.04456204956096165
2024-09-25,0.0464718,0.020737646,0.012254643,0.083786696,0.04407050842607882
2024-09-26,0.024202049,0.0004985464,-0.009543996,0.061137382,0.04227080886779968
2024-09-27,0.024661537,0.002471719,-0.008404574,0.06198841,0.02756163824193904
2024-09-30,0.0038018895,-0.016372364,-0.02616689,0.0404648,0.020453210970891728
2024-10-02,0.008910845,-0.009964543,-0.018274445,0.046189316,0.006273077083569296
2024-10-03,0.0019953402,-0.015749484,-0.021028746,0.03915331,0.002836268203847323
2024-10-04,0.0001364468,-0.016709505,-0.018881358,0.037458487,-0.0006487663409894309
2024-10-07,-0.0066957907,-0.021933299,-0.02046367,0.030780302,-0.0027783556776927983
2024-10-08,-0.036736067,-0.049051188,-0.04315871,-0.00035342472,-0.006971544473124177
2024-10-09,-0.039900422,-0.049601723,-0.03869901,-0.0035819747,-0.025468933491502387
2024-10-10,-0.03633114,-0.043540817,-0.028011385,3.603194e-05,-0.03743980733578535
2024-10-14,-0.02934771,-0.035163667,-0.01623696,0.007271835,-0.03961370288459819
2024-10-15,-0.038019802,-0.04163505,-0.019506406,-0.0019142716,-0.03465550541570046
2024-10-16,-0.039546702,-0.041309256,-0.017877111,-0.0043511656,-0.03509485672387379
2024-10-17,-0.03906372,-0.03838482,-0.01333937,-0.0044947327,-0.037170303958796565
2024-10-18,-0.027257662,-0.023928182,0.0014200886,0.0072545237,-0.038125204914368147
2024-10-21,-0.027302267,-0.021147456,0.004196796,0.0067878403,-0.03184981788701245
2024-10-22,-0.026842862,-0.017991144,0.006383915,0.006455062,-0.0273143103252997
2024-10-23,-0.029288908,-0.01771923,0.0027772062,0.0031565928,-0.025202783258719667
2024-10-24,-0.026691334,-0.012209169,0.0038985226,0.0048772553,-0.026397456379319596
2024-10-25,-0.02842605,-0.011029631,0.0011240657,0.0018678774,-0.026425145899030122
2024-10-28,-0.024159778,-0.005119057,0.004720162,0.004749742,-0.027386678628698147
2024-10-29,-0.026272384,-0.005615322,0.00097320083,0.001097341,-0.025772668745119312
2024-10-30,-0.03124687,-0.009797692,-0.0053884196,-0.0052771443,-0.0259481350557069
2024-10-31,-0.036298897,-0.013369195,-0.011153583,-0.011668275,-0.029245453136456576
2024-11-01,-0.026352493,-0.0020200235,-0.0009737082,-0.002313025,-0.03406927148843836
2024-11-04,-0.023783773,0.0017231879,0.0014980771,-0.00034459168,-0.03093327690115825
2024-11-05,-0.020525673,0.005775176,0.004419185,0.002384823,-0.02634492378675791
2024-11-06,-0.03311358,-0.0075390968,-0.008097147,-0.011333921,-0.021903527805762043
2024-11-07,-0.03186458,-0.006789053,-0.0062299226,-0.01066764,-0.0269368655106019
2024-11-08,-0.029713877,-0.005176719,-0.003981085,-0.009393611,-0.03018039915828629
2024-11-11,-0.028742783,-0.004691351,-0.0028575792,-0.009833878,-0.030304808259762867
2024-11-12,-0.026980046,-0.0039406763,-0.0013545542,-0.009454089,-0.029265482584514137
2024-11-13,-0.031127201,-0.009046163,-0.0059491675,-0.014883329,-0.027681606290200472
2024-11-14,-0.040284444,-0.018893352,-0.015379858,-0.025489165,-0.029245065662014985
2024-11-15,-0.030639924,-0.0090597235,-0.0051327567,-0.016992856,-0.03562781291541731
2024-11-18,-0.031341527,-0.009669994,-0.005065381,-0.018933935,-0.034228210523805834
2024-11-19,-0.019550037,0.0019572815,0.00703642,-0.00852875,-0.03240542643052583
2024-11-20,-0.014331688,0.0064360267,0.010505572,-0.0046777534,-0.02488749828617074
2024-11-21,-0.011361825,0.008656517,0.011549896,-0.0032471234,-0.017724228478775344
2024-11-22,-0.016262764,0.0027854398,0.0050553526,-0.009797471,-0.013159004607965282
2024-11-25,-0.030159725,-0.011191969,-0.008988677,-0.025023999,-0.014712449255751015
2024-11-26,-0.03702387,-0.018150244,-0.015363671,-0.033410627,-0.024277673126561074
2024-11-27,-0.03203323,-0.013520562,-0.010531035,-0.029973416,-0.03376495502315905
2024-11-28,-0.031295497,-0.013680022,-0.011213868,-0.031100456,-0.035580749673627295
2024-11-29,-0.028909553,-0.011878555,-0.009555511,-0.03080626,-0.034815577068666434
2024-12-02,-0.03569761,-0.019010294,-0.016681204,-0.03972493,-0.03268539161743754
2024-12-03,-0.016781803,-0.0005287512,0.001971522,-0.022968793,-0.03511096671892604
2024-12-04,-0.015205092,-0.00032831053,0.003443124,-0.023253698,-0.026954376374789125
2024-12-05,-0.014290497,-0.0008178161,0.004456156,-0.02410741,-0.02040742937533159
2024-12-06,-0.01188814,0.00026296114,0.006323245,-0.023593493,-0.017154283380923143
2024-12-09,-0.009166179,0.002034279,0.0072706686,-0.022360817,-0.01512521385608603
2024-12-10,-0.0027034492,0.007408555,0.01067514,-0.017405186,-0.013186098013150287
2024-12-11,-0.012373836,-0.0030471242,-0.000600322,-0.027978303,-0.009079614075456178
2024-12-12,-0.0097917905,-0.0018425169,0.0001997691,-0.026680322,-0.01247202732588985
2024-12-13,-0.020788044,-0.013379412,-0.011529609,-0.038608417,-0.013995383092999827
2024-12-16,-0.0143964635,-0.0076166736,-0.0069886334,-0.033421125,-0.020567009233814
2024-12-17,-0.020932619,-0.013961376,-0.013000974,-0.040877514,-0.021010995332423264
2024-12-18,-0.015212313,-0.007280754,-0.0064694993,-0.035612147,-0.02353223191239501
2024-12-19,-0.025375823,-0.016121078,-0.015128199,-0.045960493,-0.02143480295434359
2024-12-20,-0.024777258,-0.014481629,-0.012918765,-0.04570244,-0.02478228407241599
2024-12-23,-0.012783493,-0.0025749041,-7.7369696e-05,-0.034366623,-0.026591491657377217
2024-12-24,-0.007934523,0.0017296576,0.005894188,-0.029740326,-0.02054474435628573
2024-12-27,-0.012968245,-0.0035458892,0.0012418506,-0.034490682,-0.01342987904836277
2024-12-30,-0.0058960803,0.0031506845,0.00846199,-0.027415914,-0.012649326688643422
2024-12-31,0.0012837888,0.009531838,0.013717684,-0.02043813,-0.009407521773083044
2025-01-02,-0.017190654,-0.009801615,-0.0048863282,-0.03886584,-0.003842479717203269
2025-01-03,-0.01577519,-0.008226163,-0.0041879844,-0.037574023,-0.011585336774901193
2025-01-06,-0.014432871,-0.006686545,-0.003025859,-0.036316346,-0.016484936185940043
2025-01-07,-0.02208832,-0.014046345,-0.011406823,-0.043982483,-0.017589566207459776
2025-01-08,-0.024363237,-0.01580907,-0.014051719,-0.046380397,-0.021662772051766584
2025-01-09,-0.026507806,-0.01734776,-0.015245776,-0.04862642,-0.02521908699099271
2025-01-10,-0.019600797,-0.0096008,-0.0072469176,-0.041852172,-0.027790963499907603
2025-01-13,-0.02273891,-0.012297616,-0.009522293,-0.04484421,-0.02482583023850542
2025-01-14,-0.013083342,-0.0021421115,0.0012506361,-0.03521505,-0.02397571131365758
2025-01-15,-0.010961423,-0.000467403,0.0047772196,-0.033196244,-0.0184162280257283
2025-01-16,-0.0005069658,0.009542386,0.013925853,-0.022999292,-0.013751587154924205
2025-01-17,0.011327495,0.020114511,0.023499211,-0.011390046,-0.006090993901748404
2025-01-20,0.017361026,0.02518254,0.02701848,-0.0051290514,0.004260355999594642
2025-01-21,0.011949843,0.018317264,0.01855442,-0.010143767,0.012493576865987493
2025-01-22,-0.0023938413,0.0029087425,0.0020149394,-0.023975978,0.01203069393691916
2025-01-23,-0.002082681,0.0028309594,-7.728068e-05,-0.023328189,0.0017656018074192414
2025-01-24,-0.0002429353,0.0044599557,-0.00015443929,-0.021146394,-0.00422461893378956
2025-01-27,-0.0038374418,0.00058173866,-0.0056270873,-0.024291784,-0.005228937783526971
2025-01-28,-0.0015145467,0.0031421587,-0.004235606,-0.021437658,-0.006848133863477851
2025-02-03,-0.0020821122,0.002988761,-0.0056949663,-0.021670898,-0.00609194768498924
2025-02-04,-0.0019078322,0.002638503,-0.0053887875,-0.021190748,-0.00559529486805005
2025-02-05,-0.0113524,-0.0072573586,-0.012964972,-0.030373491,-0.005217894761941664
2025-02-06,-0.0061137443,-0.0026002845,-0.0057258424,-0.025133317,-0.010205495579810793
2025-02-07,-0.013053201,-0.0104004815,-0.01063086,-0.031959128,-0.010160012041513415
2025-02-10,-0.011618973,-0.009854975,-0.008547085,-0.030379256,-0.013120137940901206
2025-02-11,-0.012780505,-0.011713604,-0.008637453,-0.031267706,-0.014147332685555548
2025-02-12,-0.0064820372,-0.005816213,-0.0014020802,-0.024482975,-0.014935932591369454
2025-02-13,-0.007066137,-0.007053685,-0.0014809774,-0.024490204,-0.0116187340911936
2025-02-14,-0.0061306665,-0.0063170996,0.00015604144,-0.022892246,-0.009767679266540688
2025-02-17,0.000883906,0.00034876654,0.0072560753,-0.015167131,-0.008584436641967655
2025-02-18,-1.5499183e-05,-0.0001937667,0.006632853,-0.015071122,-0.004238895876675827
2025-02-19,-0.0028225197,-0.0023274152,0.0029636275,-0.017163001,-0.002234281950248282
2025-02-20,-0.0025286088,-0.0010487003,0.0028854092,-0.01622128,-0.0034398043552127237
2025-02-21,3.101402e-05,0.002176928,0.004128672,-0.012965818,-0.004361158965860521
2025-02-24,0.029920394,0.031095888,0.030335907,0.017577447,-0.003409029942832617
2025-02-25,0.012114333,0.012766273,0.010061902,0.0005861575,0.014458444856425817
2025-02-26,0.015295372,0.015319,0.0110450415,0.00428033,0.013980137464009586
2025-02-27,0.0014739836,0.0013186305,-0.0036273017,-0.0089765405,0.01273542052899203
2025-02-28,0.00012412298,-7.75912e-05,-0.005708139,-0.009876302,0.003647550267357365
2025-03-03,-0.00068274565,-0.0006982508,-0.0062494967,-0.010061127,-0.0022234624716100456
2025-03-04,0.005477389,0.0053525902,-0.0005398114,-0.003393756,-0.004572064284990432
2025-03-05,0.019711874,0.018669173,0.011849825,0.011534298,-0.0012837773393024267
2025-03-06,0.026908964,0.024827974,0.016494116,0.019149696,0.009393975070490543
2025-03-07,0.014682752,0.011792741,0.0033101893,0.0075554,0.01928725566755885
2025-03-10,0.010283545,0.0067354045,0.0011840906,0.003722667,0.015929551185373734
2025-03-11,0.013933011,0.009269682,0.0047162087,0.0077688023,0.010194899644119628
2025-03-12,0.006000187,0.0007323754,-0.002392401,3.7688664e-05,0.009349579441202243
2025-03-13,0.006621797,0.0007567218,-0.0023557567,0.00090272643,0.005126570016631595
2025-03-14,-0.0011363167,-0.007412415,-0.010291494,-0.006783223,0.0031581998533558265
2025-03-17,0.0037737498,-0.002925337,-0.0062610474,-0.0018424878,-0.001953541814453393
2025-03-18,0.0081998715,0.0012860037,-0.002091867,0.0030534447,-0.0019819317687314085
2025-03-19,0.010225144,0.0028720158,0.0009533185,0.005572475,0.0013838947738639548
2025-03-20,0.0044918237,-0.0030943607,-0.0025054864,0.00026553066,0.00479432558583155
2025-03-21,0.006425002,-0.0012359513,0.00047003466,0.0028087765,0.0032085715307624903
2025-03-24,0.00593103,-0.00022948314,0.0007052391,0.0029737558,0.0029229134501320394
2025-03-25,-0.0031120898,-0.00829089,-0.0064353826,-0.005378223,0.0028489654432409554
2025-03-26,-0.0064532533,-0.010567715,-0.008563162,-0.008233209,-0.002149544270445238
2025-03-27,-0.0044070277,-0.00815938,-0.0053467653,-0.0056712683,-0.006919250326372702
2025-03-28,-0.0014532133,-0.005199207,-0.0024369098,-0.002414422,-0.007806671117655124
2025-03-31,-0.0023876773,-0.0061582737,-0.0029094787,-0.0029810471,-0.005982814018229182
2025-04-01,0.010770163,0.00662767,0.009902547,0.010496496,-0.005252469404421978
2025-04-02,0.0015369551,-0.0021086524,0.0011009956,0.0012946461,0.002390642790292871
2025-04-03,0.006493662,0.003412706,0.0054241135,0.0060640015,0.0014350414001537976
2025-04-07,0.0043074396,0.0014126302,0.0031446381,0.003785402,0.0023987201421137028
2025-04-08,-0.021274552,-0.023067556,-0.020179728,-0.021826496,0.0016299410442734258
2025-04-09,-0.034015097,-0.03418943,-0.030523527,-0.034731902,-0.013373665448605986
2025-04-10,-0.011698454,-0.011313916,-0.007754394,-0.012412864,-0.029075918165397938
2025-04-11,-0.014610732,-0.013456473,-0.009744134,-0.0153118,-0.024334438132253968
2025-04-14,-0.0019597893,-0.0008286567,0.0031696116,-0.002685726,-0.01982445917509672
2025-04-15,0.00038039844,0.0016575925,0.0054670842,-0.00023220539,-0.010440379605729853
2025-04-16,0.015801292,0.017002601,0.02099006,0.015440657,-0.0040498679606325964
2025-04-17,0.019881524,0.021172645,0.023958322,0.020152057,0.007250928448373502
2025-04-22,0.02241254,0.02331801,0.025499241,0.023302274,0.015198729679946111
2025-04-23,0.027029086,0.027658777,0.028589554,0.028783057,0.0194172533427122
2025-04-24,0.033847883,0.033940922,0.030540334,0.036481164,0.023230776796838208
2025-04-25,0.034310248,0.033401273,0.024723973,0.037701882,0.028316974957228784
2025-04-28,0.039472703,0.03707181,0.025204893,0.043490715,0.03009762865641747
2025-04-29,0.042177342,0.03830265,0.022666268,0.046913136,0.03312940752177308
2025-04-30,0.037151545,0.032107417,0.014149132,0.04250321,0.035763324649931746
2025-05-02,0.043072402,0.03641018,0.015904376,0.049033005,0.03352586838983505
2025-05-06,0.051873066,0.043949656,0.021212103,0.05849658,0.035480840879149704
2025-05-07,0.048166852,0.038730327,0.015094304,0.05560356,0.04237272954880091
2025-05-08,0.052900445,0.041931387,0.016987355,0.06127574,0.043596850726961664
2025-05-09,0.052212615,0.039579187,0.014080219,0.06143728,0.04643851376726497
2025-05-12,0.04073053,0.025013471,0.0017943365,0.049970087,0.04734015188998111
2025-05-13,0.03444505,0.015502974,-0.004555318,0.044069003,0.04008527418287602
2025-05-14,0.029863277,0.008850211,-0.008437264,0.039835203,0.032272343862702904
2025-05-15,0.022050632,-0.0006062437,-0.014274045,0.032434575,0.0264025084499234
2025-05-16,0.022704741,-0.0011719728,-0.012410266,0.033646084,0.019876499973174845
2025-05-19,0.019521864,-0.0052830377,-0.013399213,0.030843245,0.017714183949020287
2025-05-20,0.024086632,-0.0013566861,-0.0064487318,0.035859626,0.01572930141338754
2025-05-21,0.03034171,0.003951009,0.001125646,0.042281214,0.017879635535579096
2025-05-22,0.03055377,0.0033444527,0.0032313752,0.04249621,0.023063879632555007
2025-05-23,0.029758846,0.0022522307,0.0046658535,0.041818783,0.025721015421482776
2025-05-26,0.028885847,0.0015379224,0.005044043,0.041142233,0.025936704559680005
2025-05-27,0.027339164,0.00018737743,0.004215559,0.03981449,0.024963502888174876
2025-05-28,0.021884326,-0.004385797,-0.00030108626,0.034688767,0.023236261050473016
2025-05-29,0.023326756,-0.0021365269,0.0010530965,0.03649708,0.019058750067062886
2025-05-30,0.022304969,-0.0023235246,0.0003007521,0.036039576,0.017711501433655436
2025-06-02,0.0218344,-0.001742683,-0.00026645363,0.036119863,0.016918371057447555
2025-06-03,0.035397276,0.012531415,0.012175075,0.050291765,0.016389751599077216
2025-06-04,0.020660512,-0.00062623445,-0.0013380488,0.03557417,0.024328447181272465
2025-06-05,0.025798343,0.005894775,0.0042860354,0.041201983,0.02004332262314236
2025-06-06,0.02101991,0.002798076,0.00045659635,0.036590505,0.01976627839740571
2025-06-09,0.019349957,0.0022419859,-0.00027223173,0.03509373,0.01734656012113047
2025-06-10,0.020545973,0.004340499,0.0017215533,0.036672875,0.015166122215400023
2025-06-11,0.01861532,0.0032564797,0.00031720038,0.03519333,0.015134349311189666
2025-06-12,0.015998457,0.0011536913,-0.0014653088,0.03291161,0.014393721721817196
2025-06-13,0.01498419,0.0006419802,-0.0017367435,0.032288473,0.012508539340578112
2025-06-16,0.01395654,1.8383636e-05,-0.0019628436,0.031681735,0.010988492009084786
2025-06-17,0.013192419,-0.00034244132,-0.00075584126,0.031177303,0.009833505213021525
2025-06-18,0.0114949625,-0.0010845787,-0.0015871595,0.030018814,0.009152667910558977
2025-06-19,0.006909231,-0.0046260315,-0.004463231,0.025845567,0.00805444612018861
2025-06-20,0.006856418,-0.0036677467,-0.0032544425,0.026287863,0.005005439545045394
2025-06-23,0.0047897245,-0.004184501,-0.003558672,0.02503267,0.0034855859507728626
2025-06-24,0.009955531,0.002488115,0.0032558509,0.03149158,0.002125476146477261
2025-06-25,0.016139153,0.009306734,0.009986328,0.03865655,0.004962847162196801
2025-06-26,0.01464347,0.00867379,0.008993981,0.03799826,0.010578156575441275
2025-06-27,0.007445575,0.0023037088,0.0025687465,0.031212028,0.01257281538929259
2025-06-30,0.0026598761,-0.0015859666,-0.0012088048,0.02679537,0.00852329019451217
2025-07-02,0.0034581518,0.00045327572,0.00015098612,0.027801244,0.0029949389876783128
2025-07-03,0.006541956,0.0038901605,0.003321759,0.030992845,0.0008148736535263155
2025-07-04,0.0021888362,0.0002643255,-0.0010563593,0.026513705,0.002130140742639476
2025-07-07,-0.0012374026,-0.0026444625,-0.004299564,0.022769583,0.0006895405745351797
2025-07-08,-0.0029688103,-0.004005089,-0.0059581543,0.020602196,-0.002417050663773524
2025-07-09,-0.007604981,-0.008052051,-0.009512324,0.015373654,-0.005194020375194482
2025-07-10,-0.009807542,-0.009758703,-0.00983359,0.01255599,-0.009009093727086848
2025-07-11,-0.008183497,-0.007832817,-0.006517037,0.013583667,-0.01196349692702962
2025-07-14,-0.008146771,-0.007419667,-0.0053109955,0.013072305,-0.012086102782066491
2025-07-15,-0.0042681303,-0.0034077484,-0.0010626455,0.016452627,-0.011548481994360756
2025-07-16,-0.0054618577,-0.004620913,-0.0018232123,0.014433614,-0.00899505523001079
2025-07-17,-0.0022187536,-0.0014772839,0.0020527968,0.016984753,-0.008304605580824189
2025-07-18,0.003311281,0.0034838046,0.007298147,0.021791521,-0.006486307249348745
2025-07-21,0.008752034,0.008212517,0.011696752,0.026560385,-0.00251757047563978
2025-07-22,0.022032676,0.020523872,0.022882244,0.039955247,0.0024994187883376155
2025-07-23,0.022315778,0.02027716,0.020623988,0.04006108,0.012480566666467963
2025-07-24,0.01880216,0.016795639,0.014689261,0.036382914,0.017344145857302106
2025-07-25,0.015216454,0.013470206,0.009243275,0.032601874,0.016228606939965307
2025-07-28,0.023567908,0.021446584,0.014905221,0.041008037,0.012499254856843096
2025-07-29,0.02502155,0.022320997,0.013962586,0.042460345,0.015341290468724851
2025-07-30,0.033920165,0.030284815,0.019330854,0.05153813,0.01828362234952579
2025-07-31,0.02724214,0.022966115,0.010003742,0.04471941,0.024829302605616593
2025-08-01,0.018496787,0.013645197,-0.00014792892,0.035775904,0.02379701108176903
2025-08-04,0.01656684,0.011008747,-0.0029542244,0.033632655,0.016954495597694227
2025-08-05,0.008768803,0.0026938382,-0.009608248,0.025409969,0.01208131896299917
2025-08-06,-0.00036476733,-0.0068800715,-0.016806126,0.01579833,0.005924767366306415
2025-08-07,0.0031335298,-0.004034716,-0.0120803835,0.019076653,-0.0018526494310086854
2025-08-08,0.005862081,-0.002015438,-0.008675077,0.02156389,-0.003198825058270195
2025-08-11,0.011475949,0.00268378,-0.0020034,0.026962608,-0.001057879739855621
2025-08-12,0.006660888,-0.0026442846,-0.0050528147,0.021764627,0.003912851036941217
2025-08-13,0.008119121,-0.0021578614,-0.0013404393,0.022704823,0.003844297866506113
2025-08-14,0.0011725158,-0.009370846,-0.005747575,0.015352138,0.003925458859156021
2025-08-15,-0.0062541137,-0.01669826,-0.010997205,0.00726827,-2.6243941986134375e-05
2025-08-18,-0.0062391735,-0.016332436,-0.008921184,0.006830323,-0.006640790328637938
2025-08-19,-0.007712748,-0.01672313,-0.008934569,0.0048855357,-0.009906663368166292
2025-08-20,-0.007638149,-0.015586523,-0.008338936,0.004381009,-0.011552237515871549
2025-08-21,-0.009052322,-0.016014004,-0.008724393,0.0023410146,-0.011953035117106698
2025-08-22,-0.008992715,-0.015094873,-0.007305842,0.0018459642,-0.012679445375045454
2025-08-25,-0.005985126,-0.010886228,-0.002565258,0.0043900968,-0.012957652024106871
2025-08-26,-0.0104072215,-0.013825881,-0.0053661615,-0.0006239697,-0.01113448045638528
2025-08-27,-0.0073695034,-0.008934586,-0.00075699727,0.0020547211,-0.012315234302814256
2025-08-28,-0.008091769,-0.008047014,-0.0005305251,0.0008544177,-0.011388738204383827
2025-08-29,-0.009610683,-0.008245866,-0.0016677597,-0.0010429876,-0.010959759288954594
2025-09-01,-0.0073993583,-0.0048625767,0.00075816846,0.0008069318,-0.011674828468045281
2025-09-02,-0.008500827,-0.005125156,-0.00020632494,-0.0009264447,-0.010916540985854203
2025-09-03,-0.023293775,-0.019265227,-0.013901622,-0.01685192,-0.011003081912096951
2025-09-04,-0.023500688,-0.01870795,-0.01312328,-0.01802732,-0.019497609580752653
2025-09-05,-0.017729556,-0.012146447,-0.006723661,-0.0131731685,-0.02483733524884801
2025-09-08,-0.01665026,-0.009899504,-0.0047013965,-0.012793536,-0.023573319106066658
2025-09-09,-0.011185566,-0.003539078,0.00095180934,-0.007865765,-0.02094066872127473
2025-09-10,-0.0057952357,0.0026410888,0.0063725277,-0.0028461188,-0.016252511132438766
2025-09-11,0.0003102012,0.00894401,0.011863137,0.002916849,-0.010621196044184008
2025-09-12,0.0010003018,0.009454986,0.011731815,0.0033613883,-0.004499219089971565
2025-09-15,0.0008693582,0.009198787,0.011063337,0.0030959165,-0.0014495269831239978
2025-09-16,-0.0007822309,0.007410019,0.00890658,0.0013965605,-0.0007721769506357562
2025-09-17,0.00048731273,0.008610953,0.008120156,0.0027455527,-0.0018973282146966075
2025-09-18,-0.004278539,0.0038361596,0.0016056204,-0.001895414,-0.0021534935291768254
2025-09-19,-0.010412167,-0.0021634405,-0.005271632,-0.007961893,-0.0050153052404427936
2025-09-22,-0.016425533,-0.0077097174,-0.0114591755,-0.014005478,-0.01015998223578714
2025-09-23,-0.013303475,-0.004434701,-0.008251812,-0.010869031,-0.01612561325281813
2025-09-24,-0.013996872,-0.0048048208,-0.0082581695,-0.01143907,-0.017078398001824112
2025-09-25,-0.017597524,-0.0080929985,-0.010340889,-0.015043194,-0.016803976679999763
2025-09-26,-0.018784711,-0.009079602,-0.009900985,-0.016287405,-0.018146992900276
2025-09-29,-0.018347377,-0.008416929,-0.007921239,-0.015999414,-0.019479696339260697
2025-09-30,-0.018389598,-0.00853785,-0.0067807436,-0.016569875,-0.019710124409101477
2025-10-02,-0.009437866,-0.00061500265,0.0029316605,-0.0081186285,-0.019632152629163114
2025-10-03,-0.011164093,-0.0033809931,0.0016217398,-0.01036327,-0.014612972644304424
2025-10-06,-0.012158963,-0.005032458,0.0006181566,-0.011896508,-0.012577837654170119
2025-10-08,-0.009204414,-0.0029190083,0.0026263245,-0.009622521,-0.012862467437244044
2025-10-09,0.0012391062,0.0066418876,0.011652186,0.00015964101,-0.012069903369835412
2025-10-10,0.004203748,0.008674247,0.012638678,0.0023406425,-0.005894514554136141
2025-10-13,0.007004242,0.010899581,0.012998984,0.00456596,-0.0008713256990933098
2025-10-14,0.005096072,0.008674254,0.008829139,0.002245061,0.0024919673567685824
2025-10-15,0.010699706,0.013853234,0.011795397,0.0074978266,0.0022888711379230177
2025-10-16,0.010795743,0.01358096,0.00932156,0.0074113086,0.004639037751932902
2025-10-17,0.013706284,0.016299143,0.010447645,0.010336571,0.0058906994211727955
2025-10-20,0.015131939,0.017169997,0.009662913,0.011675457,0.008023507776313986
2025-10-21,0.012840652,0.014015432,0.0051624216,0.009248382,0.009817082257843376
2025-10-22,0.006969849,0.007040148,-0.002274404,0.0030724248,0.009030822101542149
2025-10-23,0.009376786,0.008525403,-0.0006061894,0.0052624997,0.00470323928633169
2025-10-24,0.011018802,0.009128808,0.00037869066,0.006819317,0.0037444188777547944
