Date,Price,Shares,Cash,Position_Value,Portfolio_Value,Peak,Drawdown
2022-10-27,16.06999969482422,622.27754759826,10000.0,10000.0,20000.0,20000.0,0.0
2022-10-28,14.9399995803833,622.27754759826,10000.0,9296.826299999953,19296.826299999953,20000.0,-3.5158685000002334
2022-10-31,14.819999694824219,622.27754759826,10000.0,9222.153065502176,19222.153065502178,20000.0,-3.8892346724891107
2022-11-01,15.550000190734863,622.27754759826,10000.0,9676.415983842966,19676.415983842966,20000.0,-1.6179200807851704
2022-11-02,15.90999984741211,622.27754759826,10000.0,9900.435687336298,19900.4356873363,20000.0,-0.49782156331850275
2022-11-03,15.420000076293945,622.27754759826,10000.0,9595.519831441177,19595.519831441175,20000.0,-2.0224008427941227
2022-11-04,16.229999542236328,622.27754759826,10000.0,10099.564312663704,20099.564312663704,20099.564312663704,0.0
2022-11-07,16.68000030517578,622.27754759826,10000.0,10379.589683843013,20379.589683843013,20379.589683843013,0.0
2022-11-08,16.670000076293945,622.27754759826,10000.0,10373.366765939003,20373.366765939005,20379.589683843013,-0.030535050020861397
2022-11-09,16.459999084472656,622.27754759826,10000.0,10242.687863755249,20242.68786375525,20379.589683843013,-0.671759452528614
2022-11-10,16.200000762939453,622.27754759826,10000.0,10080.896745851904,20080.896745851904,20379.589683843013,-1.4656474572101585
2022-11-11,17.420000076293945,622.27754759826,10000.0,10840.074926637697,20840.074926637695,20840.074926637695,0.0
2022-11-14,17.700000762939453,622.27754759826,10000.0,11014.313067249293,21014.31306724929,21014.31306724929,0.0
2022-11-15,18.450000762939453,622.27754759826,10000.0,11481.021227947987,21481.02122794799,21481.02122794799,0.0
2022-11-16,18.360000610351562,622.27754759826,10000.0,11425.016153712126,21425.016153712124,21481.02122794799,-0.26071886267213235
2022-11-17,18.149999618530273,622.27754759826,10000.0,11294.337251528372,21294.33725152837,21481.02122794799,-0.8690647173549327
2022-11-18,18.079999923706055,622.27754759826,10000.0,11250.778013100531,21250.77801310053,21481.02122794799,-1.0718448271346572
2022-11-21,17.770000457763672,622.27754759826,10000.0,11057.872305677134,21057.872305677134,21481.02122794799,-1.9698733955921754
2022-11-22,17.520000457763672,622.27754759826,10000.0,10902.30291877757,20902.30291877757,21481.02122794799,-2.694091230716148
2022-11-23,17.6200008392334,622.27754759826,10000.0,10964.530910917441,20964.53091091744,21481.02122794799,-2.404402991597837
2022-11-24,17.780000686645508,622.27754759826,10000.0,11064.095223581146,21064.095223581146,21481.02122794799,-1.94090401914598
2022-11-25,17.68000030517578,622.27754759826,10000.0,11001.867231441272,21001.867231441272,21481.02122794799,-2.2305922582642914
2022-11-28,17.420000076293945,622.27754759826,10000.0,10840.074926637697,20840.074926637695,21481.02122794799,-2.9837794698344586
2022-11-29,18.31999969482422,622.27754759826,10000.0,11400.124482096086,21400.124482096086,21481.02122794799,-0.3765963684568803
2022-11-30,18.700000762939453,622.27754759826,10000.0,11636.590614847553,21636.590614847555,21636.590614847555,0.0
2022-12-01,18.920000076293945,622.27754759826,10000.0,11773.491248035087,21773.491248035087,21773.491248035087,0.0
2022-12-02,18.770000457763672,622.27754759826,10000.0,11680.149853275394,21680.149853275394,21773.491248035087,-0.428692825125673
2022-12-05,19.56999969482422,622.27754759826,10000.0,12177.971416593911,22177.97141659391,22177.97141659391,0.0
2022-12-06,19.579999923706055,622.27754759826,10000.0,12184.19433449792,22184.194334497923,22184.194334497923,0.0
2022-12-07,18.979999542236328,622.27754759826,10000.0,11810.82756855892,21810.827568558918,22184.194334497923,-1.6830305410658715
2022-12-08,19.559999465942383,622.27754759826,10000.0,12171.7484986899,22171.7484986899,22184.194334497923,-0.056102266417080125
2022-12-09,20.0,622.27754759826,10000.0,12445.550951965199,22445.550951965197,22445.550951965197,0.0
2022-12-12,19.579999923706055,622.27754759826,10000.0,12184.19433449792,22184.194334497923,22445.550951965197,-1.1644027719639976
2022-12-13,19.729999542236328,622.27754759826,10000.0,12277.535729257614,22277.535729257615,22445.550951965197,-0.7485457722429889
2022-12-14,19.799999237060547,622.27754759826,10000.0,12321.094967685456,22321.094967685458,22445.550951965197,-0.5544795249004226
2022-12-15,19.510000228881836,622.27754759826,10000.0,12140.63509607008,22140.63509607008,22445.550951965197,-1.3584690193065638
2022-12-16,19.6200008392334,622.27754759826,10000.0,12209.086006113961,22209.08600611396,22445.550951965197,-1.0535047518204599
2022-12-19,19.510000228881836,622.27754759826,10000.0,12140.63509607008,22140.63509607008,22445.550951965197,-1.3584690193065638
2022-12-20,19.209999084472656,622.27754759826,10000.0,11953.951119650463,21953.95111965046,22445.550951965197,-2.1901883066572463
2022-12-21,19.290000915527344,622.27754759826,10000.0,12003.734462882545,22003.734462882545,22445.550951965197,-1.9683922663701385
2022-12-22,19.790000915527344,622.27754759826,10000.0,12314.873236681675,22314.873236681677,22445.550951965197,-0.5821987420276662
2022-12-23,19.700000762939453,622.27754759826,10000.0,12258.868162445813,22258.86816244581,22445.550951965197,-0.8317139994420174
2022-12-28,20.040000915527344,622.27754759826,10000.0,12470.442623581239,22470.44262358124,22470.44262358124,0.0
2022-12-29,19.850000381469727,622.27754759826,10000.0,12352.209557205506,22352.209557205504,22470.44262358124,-0.5261715060817583
2022-12-30,19.920000076293945,622.27754759826,10000.0,12395.768795633348,22395.768795633347,22470.44262358124,-0.33232023595978055
2023-01-03,20.260000228881836,622.27754759826,10000.0,12607.343256768774,22607.343256768774,22607.343256768774,0.0
2023-01-04,20.920000076293945,622.27754759826,10000.0,13018.046343231608,23018.04634323161,23018.04634323161,0.0
2023-01-05,21.18000030517578,622.27754759826,10000.0,13179.838648035182,23179.838648035184,23179.838648035184,0.0
2023-01-06,21.1200008392334,622.27754759826,10000.0,13142.50232751135,23142.50232751135,23179.838648035184,-0.1610723917916465
2023-01-09,21.5,622.27754759826,10000.0,13378.967273362588,23378.96727336259,23378.96727336259,0.0
2023-01-10,21.459999084472656,622.27754759826,10000.0,13354.075601746548,23354.075601746546,23378.96727336259,-0.10647036425942967
2023-01-11,21.579999923706055,622.27754759826,10000.0,13428.74942969444,23428.749429694442,23428.749429694442,0.0
2023-01-12,21.639999389648438,622.27754759826,10000.0,13466.085750218272,23466.08575021827,23466.08575021827,0.0
2023-01-13,21.860000610351562,622.27754759826,10000.0,13602.987570306037,23602.98757030604,23602.98757030604,0.0
2023-01-16,21.84000015258789,622.27754759826,10000.0,13590.541734498016,23590.541734498016,23602.98757030604,-0.05272991722319264
2023-01-17,21.700000762939453,622.27754759826,10000.0,13503.423257642333,23503.42325764233,23602.98757030604,-0.4218292805821143
2023-01-18,21.81999969482422,622.27754759826,10000.0,13578.095898689995,23578.095898689993,23602.98757030604,-0.10545983444638528
2023-01-19,21.780000686645508,622.27754759826,10000.0,13553.205413974185,23553.205413974185,23602.98757030604,-0.21091464029105714
2023-01-20,22.18000030517578,622.27754759826,10000.0,13802.116195633442,23802.11619563344,23802.11619563344,0.0
2023-01-26,22.719999313354492,622.27754759826,10000.0,14138.145454148384,24138.145454148384,24138.145454148384,0.0
2023-01-27,22.780000686645508,622.27754759826,10000.0,14175.482961572445,24175.482961572445,24175.482961572445,0.0
2023-01-30,22.219999313354492,622.27754759826,10000.0,13827.006680349254,23827.006680349252,24175.482961572445,-1.4414449621424523
2023-01-31,22.0,622.27754759826,10000.0,13690.106047161718,23690.106047161717,24175.482961572445,-2.0077237554354026
2023-02-01,22.18000030517578,622.27754759826,10000.0,13802.116195633442,23802.11619563344,24175.482961572445,-1.5444025111410637
2023-02-02,22.079999923706055,622.27754759826,10000.0,13739.88820349357,23739.88820349357,24175.482961572445,-1.8018037479179356
2023-02-03,21.780000686645508,622.27754759826,10000.0,13553.205413974185,23553.205413974185,24175.482961572445,-2.574002548728338
2023-02-06,21.360000610351562,622.27754759826,10000.0,13291.848796506905,23291.848796506907,24175.482961572445,-3.655083815575048
2023-02-07,21.420000076293945,622.27754759826,10000.0,13329.185117030738,23329.18511703074,24175.482961572445,-3.500645037317016
2023-02-08,21.420000076293945,622.27754759826,10000.0,13329.185117030738,23329.18511703074,24175.482961572445,-3.500645037317016
2023-02-09,21.760000228881836,622.27754759826,10000.0,13540.759578166164,23540.759578166166,24175.482961572445,-2.6254837779877582
2023-02-10,21.299999237060547,622.27754759826,10000.0,13254.511289082846,23254.511289082846,24175.482961572445,-3.8095275033533236
2023-02-13,21.34000015258789,622.27754759826,10000.0,13279.402960698886,23279.402960698884,24175.482961572445,-3.706565044834483
2023-02-14,21.239999771118164,622.27754759826,10000.0,13217.174968559015,23217.174968559015,24175.482961572445,-3.9639662816113552
2023-02-15,20.940000534057617,622.27754759826,10000.0,13030.492179039627,23030.492179039626,24175.482961572445,-4.736165082421772
2023-02-16,21.139999389648438,622.27754759826,10000.0,13154.946976419142,23154.94697641914,24175.482961572445,-4.221367518388242
2023-02-17,20.8799991607666,622.27754759826,10000.0,12993.154671615566,22993.154671615564,24175.482961572445,-4.890608770200048
2023-02-20,21.0,622.27754759826,10000.0,13067.828499563459,23067.82849956346,24175.482961572445,-4.581726304163726
2023-02-21,20.68000030517578,622.27754759826,10000.0,12868.699874236052,22868.699874236052,24175.482961572445,-5.405406334233563
2023-02-22,20.540000915527344,622.27754759826,10000.0,12781.58139738037,22781.58139738037,24175.482961572445,-5.765765120009047
2023-02-23,20.479999542236328,622.27754759826,10000.0,12744.24388995631,22744.24388995631,24175.482961572445,-5.920208807787323
2023-02-24,20.239999771118164,622.27754759826,10000.0,12594.897420960753,22594.897420960755,24175.482961572445,-6.537968830339694
2023-02-27,20.079999923706055,622.27754759826,10000.0,12495.33310829705,22495.33310829705,24175.482961572445,-6.949808845374612
2023-02-28,19.989999771118164,622.27754759826,10000.0,12439.32803406119,22439.32803406119,24175.482961572445,-7.181469467521781
2023-03-01,20.760000228881836,622.27754759826,10000.0,12918.482030567904,22918.482030567902,24175.482961572445,-5.199486326716111
2023-03-02,20.600000381469727,622.27754759826,10000.0,12818.917717904202,22818.9177179042,24175.482961572445,-5.611326341751015
2023-03-03,20.780000686645508,622.27754759826,10000.0,12930.927866375925,22930.927866375925,24175.482961572445,-5.148005097456676
2023-03-06,20.799999237060547,622.27754759826,10000.0,12943.372515283716,22943.372515283714,24175.482961572445,-5.0965287777175
2023-03-07,20.719999313354492,622.27754759826,10000.0,12893.590358951864,22893.590358951864,24175.482961572445,-5.302448785234952
2023-03-08,20.239999771118164,622.27754759826,10000.0,12594.897420960753,22594.897420960755,24175.482961572445,-6.537968830339694
2023-03-09,20.15999984741211,622.27754759826,10000.0,12545.115264628903,22545.115264628905,24175.482961572445,-6.7438888378571455
2023-03-10,19.489999771118164,622.27754759826,10000.0,12128.18926026206,22128.189260262057,24175.482961572445,-8.468470741885959
2023-03-13,19.920000076293945,622.27754759826,10000.0,12395.768795633348,22395.768795633347,24175.482961572445,-7.361648860409531
2023-03-14,19.459999084472656,622.27754759826,10000.0,12109.520506550029,22109.520506550027,24175.482961572445,-8.545692585775095
2023-03-15,19.780000686645508,622.27754759826,10000.0,12308.650318777665,22308.650318777665,24175.482961572445,-7.7220076461850145
2023-03-16,19.43000030517578,622.27754759826,10000.0,12090.852939738228,22090.85293973823,24175.482961572445,-8.622909520143974
2023-03-17,19.739999771118164,622.27754759826,10000.0,12283.758647161623,22283.758647161623,24175.482961572445,-7.82497010470387
2023-03-20,19.209999084472656,622.27754759826,10000.0,11953.951119650463,21953.95111965046,24175.482961572445,-9.189193222957185
2023-03-21,19.459999084472656,622.27754759826,10000.0,12109.520506550029,22109.520506550027,24175.482961572445,-8.545692585775095
2023-03-22,19.799999237060547,622.27754759826,10000.0,12321.094967685456,22321.094967685458,24175.482961572445,-7.670531326445823
2023-03-23,20.260000228881836,622.27754759826,10000.0,12607.343256768774,22607.343256768774,24175.482961572445,-6.486487601080274
2023-03-24,20.100000381469727,622.27754759826,10000.0,12507.778944105072,22507.77894410507,24175.482961572445,-6.898327616115192
2023-03-27,19.770000457763672,622.27754759826,10000.0,12302.427400873654,22302.427400873654,24175.482961572445,-7.747748260814732
2023-03-28,20.0,622.27754759826,10000.0,12445.550951965199,22445.550951965197,24175.482961572445,-7.1557288528920795
2023-03-29,20.3799991607666,622.27754759826,10000.0,12682.015897816436,22682.015897816436,24175.482961572445,-6.17761004456421
2023-03-30,20.520000457763672,622.27754759826,10000.0,12769.13556157235,22769.13556157235,24175.482961572445,-5.817246349268467
2023-03-31,20.579999923706055,622.27754759826,10000.0,12806.47188209618,22806.47188209618,24175.482961572445,-5.66280757101045
2023-04-03,20.600000381469727,622.27754759826,10000.0,12818.917717904202,22818.9177179042,24175.482961572445,-5.611326341751015
2023-04-04,20.479999542236328,622.27754759826,10000.0,12744.24388995631,22744.24388995631,24175.482961572445,-5.920208807787323
2023-04-06,20.540000915527344,622.27754759826,10000.0,12781.58139738037,22781.58139738037,24175.482961572445,-5.765765120009047
2023-04-11,20.719999313354492,622.27754759826,10000.0,12893.590358951864,22893.590358951864,24175.482961572445,-5.302448785234952
2023-04-12,20.520000457763672,622.27754759826,10000.0,12769.13556157235,22769.13556157235,24175.482961572445,-5.817246349268467
2023-04-13,20.559999465942383,622.27754759826,10000.0,12794.02604628816,22794.02604628816,24175.482961572445,-5.714288800269871
2023-04-14,20.700000762939453,622.27754759826,10000.0,12881.145710044073,22881.145710044075,24175.482961572445,-5.353925104974128
2023-04-17,21.020000457763672,622.27754759826,10000.0,13080.27433537148,23080.27433537148,24175.482961572445,-4.530245074904306
2023-04-18,20.84000015258789,622.27754759826,10000.0,12968.264186899756,22968.264186899756,24175.482961572445,-4.993566319198645
2023-04-19,20.559999465942383,622.27754759826,10000.0,12794.02604628816,22794.02604628816,24175.482961572445,-5.714288800269871
2023-04-20,20.600000381469727,622.27754759826,10000.0,12818.917717904202,22818.9177179042,24175.482961572445,-5.611326341751015
2023-04-21,20.239999771118164,622.27754759826,10000.0,12594.897420960753,22594.897420960755,24175.482961572445,-6.537968830339694
2023-04-24,20.15999984741211,622.27754759826,10000.0,12545.115264628903,22545.115264628905,24175.482961572445,-6.7438888378571455
2023-04-25,19.81999969482422,622.27754759826,10000.0,12333.540803493475,22333.540803493474,24175.482961572445,-7.619050097186418
2023-04-26,19.93000030517578,622.27754759826,10000.0,12401.991713537358,22401.991713537358,24175.482961572445,-7.335908245779812
2023-04-27,20.040000915527344,622.27754759826,10000.0,12470.442623581239,22470.44262358124,24175.482961572445,-7.052766394373224
2023-04-28,20.0,622.27754759826,10000.0,12445.550951965199,22445.550951965197,24175.482961572445,-7.1557288528920795
2023-05-02,19.989999771118164,622.27754759826,10000.0,12439.32803406119,22439.32803406119,24175.482961572445,-7.181469467521781
2023-05-03,19.780000686645508,622.27754759826,10000.0,12308.650318777665,22308.650318777665,24175.482961572445,-7.7220076461850145
2023-05-04,20.059999465942383,622.27754759826,10000.0,12482.88727248903,22482.88727248903,24175.482961572445,-7.001290074634032
2023-05-05,20.15999984741211,622.27754759826,10000.0,12545.115264628903,22545.115264628905,24175.482961572445,-6.7438888378571455
2023-05-08,20.399999618530273,622.27754759826,10000.0,12694.461733624457,22694.461733624456,24175.482961572445,-6.1261288153047895
2023-05-09,19.959999084472656,622.27754759826,10000.0,12420.659280349159,22420.65928034916,24175.482961572445,-7.25869131141092
2023-05-10,19.8700008392334,622.27754759826,10000.0,12364.655393013527,22364.655393013527,24175.482961572445,-7.490347024037845
2023-05-11,19.860000610351562,622.27754759826,10000.0,12358.432475109516,22358.432475109516,24175.482961572445,-7.516087638667562
2023-05-12,19.75,622.27754759826,10000.0,12289.981565065635,22289.981565065635,24175.482961572445,-7.799229490074152
2023-05-15,20.1200008392334,622.27754759826,10000.0,12520.224779913091,22520.224779913093,24175.482961572445,-6.8468463868557565
2023-05-16,20.1200008392334,622.27754759826,10000.0,12520.224779913091,22520.224779913093,24175.482961572445,-6.8468463868557565
2023-05-17,19.690000534057617,622.27754759826,10000.0,12252.645244541804,22252.645244541804,24175.482961572445,-7.953668268332184
2023-05-18,19.8799991607666,622.27754759826,10000.0,12370.877124017306,22370.87712401731,24175.482961572445,-7.464611318928371
2023-05-19,19.600000381469727,622.27754759826,10000.0,12196.640170305942,22196.640170305942,24175.482961572445,-8.185328890479353
2023-05-22,19.84000015258789,622.27754759826,10000.0,12345.986639301496,22345.986639301496,24175.482961572445,-7.567568867926982
2023-05-23,19.600000381469727,622.27754759826,10000.0,12196.640170305942,22196.640170305942,24175.482961572445,-8.185328890479353
2023-05-24,19.309999465942383,622.27754759826,10000.0,12016.179111790336,22016.179111790334,24175.482961572445,-8.931791986180297
2023-05-25,18.969999313354492,622.27754759826,10000.0,11804.604650654908,21804.60465065491,24175.482961572445,-9.80695324550954
2023-05-29,18.780000686645508,622.27754759826,10000.0,11686.372771179405,21686.372771179405,24175.482961572445,-10.296010194913352
2023-05-30,18.81999969482422,622.27754759826,10000.0,11711.263255895215,21711.263255895217,24175.482961572445,-10.19305264591474
2023-05-31,18.479999542236328,622.27754759826,10000.0,11499.68879475979,21499.68879475979,24175.482961572445,-11.068213905243999
2023-06-01,18.43000030517578,622.27754759826,10000.0,11468.575392139968,21468.575392139966,24175.482961572445,-11.196912068872328
2023-06-02,19.190000534057617,622.27754759826,10000.0,11941.506470742674,21941.50647074267,24175.482961572445,-9.24066954269636
2023-06-05,19.350000381469727,622.27754759826,10000.0,12041.070783406376,22041.070783406376,24175.482961572445,-8.82882952766144
2023-06-06,19.309999465942383,622.27754759826,10000.0,12016.179111790336,22016.179111790334,24175.482961572445,-8.931791986180297
2023-06-07,19.489999771118164,622.27754759826,10000.0,12128.18926026206,22128.189260262057,24175.482961572445,-8.468470741885959
2023-06-08,19.549999237060547,622.27754759826,10000.0,12165.52558078589,22165.525580785892,24175.482961572445,-8.314031963627912
2023-06-09,19.65999984741211,622.27754759826,10000.0,12233.976490829773,22233.976490829773,24175.482961572445,-8.030890112221321
2023-06-12,19.700000762939453,622.27754759826,10000.0,12258.868162445813,22258.86816244581,24175.482961572445,-7.927927653702481
2023-06-13,19.829999923706055,622.27754759826,10000.0,12339.763721397485,22339.763721397485,24175.482961572445,-7.5933094825567
2023-06-14,19.700000762939453,622.27754759826,10000.0,12258.868162445813,22258.86816244581,24175.482961572445,-7.927927653702481
2023-06-15,20.139999389648438,622.27754759826,10000.0,12532.669428820882,22532.669428820882,24175.482961572445,-6.795370067116581
2023-06-16,20.34000015258789,622.27754759826,10000.0,12657.125413100626,22657.125413100628,24175.482961572445,-6.2805675935628065
2023-06-19,20.200000762939453,622.27754759826,10000.0,12570.006936244943,22570.006936244943,24175.482961572445,-6.640926379338305
2023-06-20,19.920000076293945,622.27754759826,10000.0,12395.768795633348,22395.768795633347,24175.482961572445,-7.361648860409531
2023-06-21,19.549999237060547,622.27754759826,10000.0,12165.52558078589,22165.525580785892,24175.482961572445,-8.314031963627912
2023-06-23,19.219999313354492,622.27754759826,10000.0,11960.174037554474,21960.174037554476,24175.482961572445,-9.163452608327452
2023-06-26,19.149999618530273,622.27754759826,10000.0,11916.614799126632,21916.614799126633,24175.482961572445,-9.3436320012152
2023-06-27,19.479999542236328,622.27754759826,10000.0,12121.96634235805,22121.96634235805,24175.482961572445,-8.49421135651566
2023-06-28,19.530000686645508,622.27754759826,10000.0,12153.0809318781,22153.0809318781,24175.482961572445,-8.365508283367102
2023-06-29,19.270000457763672,622.27754759826,10000.0,11991.288627074524,21991.288627074522,24175.482961572445,-9.034749535178909
2023-06-30,19.25,622.27754759826,10000.0,11978.842791266505,21978.842791266507,24175.482961572445,-9.086230764438314
2023-07-03,19.639999389648438,622.27754759826,10000.0,12221.530655021752,22221.53065502175,24175.482961572445,-8.082371341480757
2023-07-04,19.760000228881836,622.27754759826,10000.0,12296.204482969644,22296.204482969646,24175.482961572445,-7.773488875444434
2023-07-05,19.469999313354492,622.27754759826,10000.0,12115.743424454038,22115.743424454038,24175.482961572445,-8.519951971145378
2023-07-06,19.020000457763672,622.27754759826,10000.0,11835.71924017496,21835.71924017496,24175.482961572445,-9.678250172360983
2023-07-07,18.860000610351562,622.27754759826,10000.0,11736.154927511256,21736.154927511256,24175.482961572445,-10.0900901873959
2023-07-10,18.979999542236328,622.27754759826,10000.0,11810.82756855892,21810.827568558918,24175.482961572445,-9.781212630879837
2023-07-11,19.139999389648438,622.27754759826,10000.0,11910.391881222622,21910.391881222622,24175.482961572445,-9.369372615844918
2023-07-12,19.360000610351562,622.27754759826,10000.0,12047.293701310386,22047.293701310387,24175.482961572445,-8.803088913031724
2023-07-13,19.850000381469727,622.27754759826,10000.0,12352.209557205506,22352.209557205504,24175.482961572445,-7.54182825329728
2023-07-14,19.899999618530273,622.27754759826,10000.0,12383.322959825327,22383.322959825327,24175.482961572445,-7.413130089668951
2023-07-18,19.510000228881836,622.27754759826,10000.0,12140.63509607008,22140.63509607008,24175.482961572445,-8.416989512626524
2023-07-19,19.440000534057617,622.27754759826,10000.0,12097.075857642238,22097.075857642238,24175.482961572445,-8.597168905514273
2023-07-20,19.399999618530273,622.27754759826,10000.0,12072.184186026197,22072.1841860262,24175.482961572445,-8.700131364033114
2023-07-21,19.59000015258789,622.27754759826,10000.0,12190.41725240193,22190.41725240193,24175.482961572445,-8.211069505109071
2023-07-24,19.15999984741211,622.27754759826,10000.0,11922.837717030643,21922.83771703064,24175.482961572445,-9.317891386585499
2023-07-25,19.920000076293945,622.27754759826,10000.0,12395.768795633348,22395.768795633347,24175.482961572445,-7.361648860409531
2023-07-26,19.860000610351562,622.27754759826,10000.0,12358.432475109516,22358.432475109516,24175.482961572445,-7.516087638667562
2023-07-27,20.1200008392334,622.27754759826,10000.0,12520.224779913091,22520.224779913093,24175.482961572445,-6.8468463868557565
2023-07-28,20.420000076293945,622.27754759826,10000.0,12706.907569432478,22706.90756943248,24175.482961572445,-6.074647586045354
2023-07-31,20.540000915527344,622.27754759826,10000.0,12781.58139738037,22781.58139738037,24175.482961572445,-5.765765120009047
2023-08-01,20.540000915527344,622.27754759826,10000.0,12781.58139738037,22781.58139738037,24175.482961572445,-5.765765120009047
2023-08-02,19.989999771118164,622.27754759826,10000.0,12439.32803406119,22439.32803406119,24175.482961572445,-7.181469467521781
2023-08-03,19.899999618530273,622.27754759826,10000.0,12383.322959825327,22383.322959825327,24175.482961572445,-7.413130089668951
2023-08-04,20.040000915527344,622.27754759826,10000.0,12470.442623581239,22470.44262358124,24175.482961572445,-7.052766394373224
2023-08-07,20.040000915527344,622.27754759826,10000.0,12470.442623581239,22470.44262358124,24175.482961572445,-7.052766394373224
2023-08-08,19.690000534057617,622.27754759826,10000.0,12252.645244541804,22252.645244541804,24175.482961572445,-7.953668268332184
2023-08-09,19.760000228881836,622.27754759826,10000.0,12296.204482969644,22296.204482969646,24175.482961572445,-7.773488875444434
2023-08-10,19.780000686645508,622.27754759826,10000.0,12308.650318777665,22308.650318777665,24175.482961572445,-7.7220076461850145
2023-08-11,19.6200008392334,622.27754759826,10000.0,12209.086006113961,22209.08600611396,24175.482961572445,-8.133847661219933
2023-08-14,19.299999237060547,622.27754759826,10000.0,12009.956193886326,22009.956193886326,24175.482961572445,-8.95753260081
2023-08-15,19.110000610351562,622.27754759826,10000.0,11891.724314410822,21891.72431441082,24175.482961572445,-9.446589550213812
2023-08-16,18.850000381469727,622.27754759826,10000.0,11729.932009607246,21729.932009607248,24175.482961572445,-10.115830802025604
2023-08-17,18.8799991607666,622.27754759826,10000.0,11748.599576419047,21748.599576419045,24175.482961572445,-10.038613867656725
2023-08-18,18.479999542236328,622.27754759826,10000.0,11499.68879475979,21499.68879475979,24175.482961572445,-11.068213905243999
2023-08-21,18.149999618530273,622.27754759826,10000.0,11294.337251528372,21294.33725152837,24175.482961572445,-11.917634549943553
2023-08-22,18.31999969482422,622.27754759826,10000.0,11400.124482096086,21400.124482096086,24175.482961572445,-11.480053920278918
2023-08-23,18.40999984741211,622.27754759826,10000.0,11456.129556331947,21456.129556331947,24175.482961572445,-11.248393298131749
2023-08-24,18.760000228881836,622.27754759826,10000.0,11673.926935371384,21673.926935371383,24175.482961572445,-10.347491424172787
2023-08-25,18.510000228881836,622.27754759826,10000.0,11518.357548471819,21518.357548471817,24175.482961572445,-10.990992061354877
2023-08-28,18.649999618530273,622.27754759826,10000.0,11605.476025327502,21605.4760253275,24175.482961572445,-10.630633275579378
2023-08-29,19.030000686645508,622.27754759826,10000.0,11841.94215807897,21841.94215807897,24175.482961572445,-9.652509557731264
2023-08-30,19.0,622.27754759826,10000.0,11823.273404366939,21823.27340436694,24175.482961572445,-9.729731401620402
2023-08-31,18.93000030517578,622.27754759826,10000.0,11779.714165939098,21779.714165939098,24175.482961572445,-9.909910794508152
2023-09-04,19.420000076293945,622.27754759826,10000.0,12084.630021834217,22084.630021834215,24175.482961572445,-8.648650134773707
2023-09-05,19.020000457763672,622.27754759826,10000.0,11835.71924017496,21835.71924017496,24175.482961572445,-9.678250172360983
2023-09-06,19.020000457763672,622.27754759826,10000.0,11835.71924017496,21835.71924017496,24175.482961572445,-9.678250172360983
2023-09-07,18.790000915527344,622.27754759826,10000.0,11692.595689083415,21692.595689083413,24175.482961572445,-10.27026958028365
2023-09-11,18.719999313354492,622.27754759826,10000.0,11649.035263755344,21649.035263755344,24175.482961572445,-10.450453882691628
2023-09-12,18.65999984741211,622.27754759826,10000.0,11611.698943231513,21611.698943231513,24175.482961572445,-10.604892660949659
2023-09-13,18.649999618530273,622.27754759826,10000.0,11605.476025327502,21605.4760253275,24175.482961572445,-10.630633275579378
2023-09-14,18.700000762939453,622.27754759826,10000.0,11636.590614847553,21636.590614847555,24175.482961572445,-10.501930202430804
2023-09-15,18.799999237060547,622.27754759826,10000.0,11698.817420087194,21698.817420087194,24175.482961572445,-10.244533875174175
2023-09-18,18.540000915527344,622.27754759826,10000.0,11537.02630218385,21537.026302183847,24175.482961572445,-10.913770217465737
2023-09-19,18.6299991607666,622.27754759826,10000.0,11593.030189519483,21593.030189519483,24175.482961572445,-10.682114504838799
2023-09-20,18.510000228881836,622.27754759826,10000.0,11518.357548471819,21518.357548471817,24175.482961572445,-10.990992061354877
2023-09-21,18.280000686645508,622.27754759826,10000.0,11375.233997380275,21375.233997380274,24175.482961572445,-11.58301146927753
2023-09-22,18.700000762939453,622.27754759826,10000.0,11636.590614847553,21636.590614847555,24175.482961572445,-10.501930202430804
2023-09-25,18.34000015258789,622.27754759826,10000.0,11412.570317904107,21412.57031790411,24175.482961572445,-11.428572691019482
2023-09-26,18.09000015258789,622.27754759826,10000.0,11257.00093100454,21257.000931004543,24175.482961572445,-12.07207332820157
2023-09-27,18.25,622.27754759826,10000.0,11356.565243668245,21356.565243668243,24175.482961572445,-11.660233313166666
2023-09-28,18.0,622.27754759826,10000.0,11200.995856768679,21200.995856768677,24175.482961572445,-12.303733950348755
2023-09-29,18.440000534057617,622.27754759826,10000.0,11474.798310043978,21474.798310043978,24175.482961572445,-11.17117145424261
2023-10-03,17.940000534057617,622.27754759826,10000.0,11163.659536244848,21163.65953624485,24175.482961572445,-12.45817272860677
2023-10-04,17.809999465942383,622.27754759826,10000.0,11082.762790392946,21082.762790392946,24175.482961572445,-12.792795809272798
2023-10-05,17.84000015258789,622.27754759826,10000.0,11101.431544104977,21101.431544104977,24175.482961572445,-12.715573965383658
2023-10-06,18.139999389648438,622.27754759826,10000.0,11288.114333624362,21288.114333624362,24175.482961572445,-11.943375164573258
2023-10-09,18.170000076293945,622.27754759826,10000.0,11306.783087336393,21306.783087336393,24175.482961572445,-11.866153320684118
2023-10-10,18.31999969482422,622.27754759826,10000.0,11400.124482096086,21400.124482096086,24175.482961572445,-11.480053920278918
2023-10-11,18.549999237060547,622.27754759826,10000.0,11543.24803318763,21543.24803318763,24175.482961572445,-10.888034512356265
2023-10-12,18.860000610351562,622.27754759826,10000.0,11736.154927511256,21736.154927511256,24175.482961572445,-10.0900901873959
2023-10-13,18.440000534057617,622.27754759826,10000.0,11474.798310043978,21474.798310043978,24175.482961572445,-11.17117145424261
2023-10-16,18.270000457763672,622.27754759826,10000.0,11369.011079476264,21369.011079476266,24175.482961572445,-11.60875208390723
2023-10-17,18.399999618530273,622.27754759826,10000.0,11449.906638427938,21449.906638427936,24175.482961572445,-11.274133912761465
2023-10-18,18.3799991607666,622.27754759826,10000.0,11437.460802619917,21437.460802619917,24175.482961572445,-11.325615142020885
2023-10-19,17.90999984741211,622.27754759826,10000.0,11144.990782532817,21144.99078253282,24175.482961572445,-12.535394572495909
2023-10-20,17.790000915527344,622.27754759826,10000.0,11070.318141485155,21070.318141485157,24175.482961572445,-12.844272129011971
2023-10-24,17.600000381469727,622.27754759826,10000.0,10952.08507510942,20952.08507510942,24175.482961572445,-13.333333987936044
2023-10-25,17.739999771118164,622.27754759826,10000.0,11039.203551965104,21039.203551965104,24175.482961572445,-12.972975202160548
2023-10-26,17.690000534057617,622.27754759826,10000.0,11008.090149345282,21008.090149345284,24175.482961572445,-13.10167336578886
2023-10-27,18.079999923706055,622.27754759826,10000.0,11250.778013100531,21250.77801310053,24175.482961572445,-12.097813942831289
2023-10-30,17.530000686645508,622.27754759826,10000.0,10908.52583668158,20908.52583668158,24175.482961572445,-13.51351338082378
2023-10-31,17.219999313354492,622.27754759826,10000.0,10715.618942357954,20715.618942357956,24175.482961572445,-14.311457705784129
2023-11-01,17.190000534057617,622.27754759826,10000.0,10696.951375546152,20696.951375546152,24175.482961572445,-14.388674640153038
2023-11-02,17.329999923706055,622.27754759826,10000.0,10784.069852401835,20784.069852401837,24175.482961572445,-14.028315854377539
2023-11-03,17.760000228881836,622.27754759826,10000.0,11051.649387773125,21051.649387773126,24175.482961572445,-12.92149397290111
2023-11-06,18.06999969482422,622.27754759826,10000.0,11244.555095196522,21244.55509519652,24175.482961572445,-12.123554557461006
2023-11-07,17.760000228881836,622.27754759826,10000.0,11051.649387773125,21051.649387773126,24175.482961572445,-12.92149397290111
2023-11-08,17.649999618530273,622.27754759826,10000.0,10983.198477729242,20983.198477729242,24175.482961572445,-13.204635824307715
2023-11-09,17.6299991607666,622.27754759826,10000.0,10970.752641921223,20970.752641921223,24175.482961572445,-13.256117053567134
2023-11-10,17.309999465942383,622.27754759826,10000.0,10771.624016593816,20771.624016593814,24175.482961572445,-14.079797083636974
2023-11-13,17.559999465942383,622.27754759826,10000.0,10927.19340349338,20927.19340349338,24175.482961572445,-13.436296446454884
2023-11-14,17.530000686645508,622.27754759826,10000.0,10908.52583668158,20908.52583668158,24175.482961572445,-13.51351338082378
2023-11-15,18.200000762939453,622.27754759826,10000.0,11325.451841048423,21325.451841048423,24175.482961572445,-11.78893147679498
2023-11-16,17.950000762939453,622.27754759826,10000.0,11169.882454148858,21169.882454148858,24175.482961572445,-12.43243211397707
2023-11-17,17.56999969482422,622.27754759826,10000.0,10933.416321397392,20933.41632139739,24175.482961572445,-13.410555831825166
2023-11-20,17.899999618530273,622.27754759826,10000.0,11138.767864628808,21138.767864628808,24175.482961572445,-12.561135187125627
2023-11-21,17.84000015258789,622.27754759826,10000.0,11101.431544104977,21101.431544104977,24175.482961572445,-12.715573965383658
2023-11-22,17.860000610351562,622.27754759826,10000.0,11113.877379912996,21113.877379912996,24175.482961572445,-12.664092736124239
2023-11-23,18.059999465942383,622.27754759826,10000.0,11238.33217729251,21238.332177292512,24175.482961572445,-12.149295172090708
2023-11-24,17.690000534057617,622.27754759826,10000.0,11008.090149345282,21008.090149345284,24175.482961572445,-13.10167336578886
2023-11-27,17.670000076293945,622.27754759826,10000.0,10995.644313537263,20995.64431353726,24175.482961572445,-13.153154595048294
2023-11-28,17.5,622.27754759826,10000.0,10889.857082969549,20889.85708296955,24175.482961572445,-13.590735224712915
2023-11-29,17.1299991607666,622.27754759826,10000.0,10659.613868122093,20659.61386812209,24175.482961572445,-14.543118327931312
2023-11-30,17.190000534057617,622.27754759826,10000.0,10696.951375546152,20696.951375546152,24175.482961572445,-14.388674640153038
2023-12-01,16.969999313354492,622.27754759826,10000.0,10560.049555458389,20560.04955545839,24175.482961572445,-14.954958342966215
2023-12-04,16.790000915527344,622.27754759826,10000.0,10448.040593886895,20448.040593886893,24175.482961572445,-15.418274677740326
2023-12-05,16.459999084472656,622.27754759826,10000.0,10242.687863755249,20242.68786375525,24175.482961572445,-16.267700231960095
2023-12-06,16.59000015258789,622.27754759826,10000.0,10323.584609607151,20323.58460960715,24175.482961572445,-15.933077151294087
2023-12-07,16.469999313354492,622.27754759826,10000.0,10248.910781659259,20248.91078165926,24175.482961572445,-16.241959617330394
2023-12-08,16.459999084472656,622.27754759826,10000.0,10242.687863755249,20242.68786375525,24175.482961572445,-16.267700231960095
2023-12-11,16.34000015258789,622.27754759826,10000.0,10168.015222707587,20168.01522270759,24175.482961572445,-16.576577788476158
2023-12-12,16.510000228881836,622.27754759826,10000.0,10273.802453275299,20273.802453275297,24175.482961572445,-16.138997158811552
2023-12-13,16.360000610351562,622.27754759826,10000.0,10180.461058515606,20180.461058515604,24175.482961572445,-16.525096559216752
2023-12-14,16.540000915527344,622.27754759826,10000.0,10292.47120698733,20292.471206987328,24175.482961572445,-16.061775314922414
2023-12-15,16.940000534057617,622.27754759826,10000.0,10541.381988646588,20541.381988646586,24175.482961572445,-15.032175277335124
2023-12-18,16.760000228881836,622.27754759826,10000.0,10429.371840174865,20429.371840174863,24175.482961572445,-15.495496521629464
2023-12-19,16.6299991607666,622.27754759826,10000.0,10348.475094322963,20348.475094322963,24175.482961572445,-15.830119602295472
2023-12-20,16.760000228881836,622.27754759826,10000.0,10429.371840174865,20429.371840174863,24175.482961572445,-15.495496521629464
2023-12-21,16.780000686645508,622.27754759826,10000.0,10441.817675982884,20441.817675982886,24175.482961572445,-15.444015292370029
2023-12-22,16.469999313354492,622.27754759826,10000.0,10248.910781659259,20248.91078165926,24175.482961572445,-16.241959617330394
2023-12-27,16.760000228881836,622.27754759826,10000.0,10429.371840174865,20429.371840174863,24175.482961572445,-15.495496521629464
2023-12-28,17.229999542236328,622.27754759826,10000.0,10721.841860261964,20721.841860261964,24175.482961572445,-14.285717091154426
2023-12-29,17.190000534057617,622.27754759826,10000.0,10696.951375546152,20696.951375546152,24175.482961572445,-14.388674640153038
2024-01-02,16.940000534057617,622.27754759826,10000.0,10541.381988646588,20541.381988646586,24175.482961572445,-15.032175277335124
2024-01-03,16.790000915527344,622.27754759826,10000.0,10448.040593886895,20448.040593886893,24175.482961572445,-15.418274677740326
2024-01-04,16.809999465942383,622.27754759826,10000.0,10460.485242794686,20460.485242794686,24175.482961572445,-15.366798358001136
2024-01-05,16.68000030517578,622.27754759826,10000.0,10379.589683843013,20379.589683843013,24175.482961572445,-15.701416529146917
2024-01-08,16.360000610351562,622.27754759826,10000.0,10180.461058515606,20180.461058515604,24175.482961572445,-16.525096559216752
2024-01-09,16.34000015258789,622.27754759826,10000.0,10168.015222707587,20168.01522270759,24175.482961572445,-16.576577788476158
2024-01-10,16.25,622.27754759826,10000.0,10112.010148471725,20112.010148471723,24175.482961572445,-16.808238410623343
2024-01-11,16.459999084472656,622.27754759826,10000.0,10242.687863755249,20242.68786375525,24175.482961572445,-16.267700231960095
2024-01-12,16.389999389648438,622.27754759826,10000.0,10199.128625327407,20199.12862532741,24175.482961572445,-16.447879624847843
2024-01-15,16.3700008392334,622.27754759826,10000.0,10186.683976419616,20186.683976419616,24175.482961572445,-16.499355944587034
2024-01-16,16.0,622.27754759826,10000.0,9956.44076157216,19956.440761572157,24175.482961572445,-17.451739047805432
2024-01-17,15.399999618530273,622.27754759826,10000.0,9583.073995633158,19583.07399563316,24175.482961572445,-18.996141558946462
2024-01-18,15.529999732971191,622.27754759826,10000.0,9663.970148034945,19663.970148034947,24175.482961572445,-18.66152093304057
2024-01-19,15.4399995803833,622.27754759826,10000.0,9607.965073799083,19607.96507379908,24175.482961572445,-18.893181555187756
2024-01-22,15.109999656677246,622.27754759826,10000.0,9402.613530567667,19402.613530567665,24175.482961572445,-19.742602199887294
2024-01-23,15.479999542236328,622.27754759826,10000.0,9632.856151965008,19632.85615196501,24175.482961572445,-18.790221551429013
2024-01-24,16.059999465942383,622.27754759826,10000.0,9993.77708209599,19993.777082095992,24175.482961572445,-17.297300269547385
2024-01-25,16.350000381469727,622.27754759826,10000.0,10174.238140611596,20174.238140611596,24175.482961572445,-16.550837173846457
2024-01-26,16.100000381469727,622.27754759826,10000.0,10018.66875371203,20018.66875371203,24175.482961572445,-17.194337811028547
2024-01-29,16.229999542236328,622.27754759826,10000.0,10099.564312663704,20099.564312663704,24175.482961572445,-16.859719639882766
2024-01-30,15.829999923706055,622.27754759826,10000.0,9850.653531004446,19850.653531004446,24175.482961572445,-17.889319677470052
2024-01-31,15.619999885559082,622.27754759826,10000.0,9719.975222270807,19719.975222270805,24175.482961572445,-18.429860310893414
2024-02-01,15.739999771118164,622.27754759826,10000.0,9794.648456768584,19794.648456768584,24175.482961572445,-18.120980299617223
2024-02-02,15.65999984741211,622.27754759826,10000.0,9744.866300436732,19744.866300436734,24175.482961572445,-18.326900307134675
2024-02-05,15.630000114440918,622.27754759826,10000.0,9726.198140174816,19726.198140174816,24175.482961572445,-18.4041196962637
2024-02-06,16.280000686645508,622.27754759826,10000.0,10130.678902183754,20130.678902183754,24175.482961572445,-16.731016566734205
2024-02-07,16.200000762939453,622.27754759826,10000.0,10080.896745851904,20080.896745851904,24175.482961572445,-16.936936574251657
2024-02-08,16.0,622.27754759826,10000.0,9956.44076157216,19956.440761572157,24175.482961572445,-17.451739047805432
2024-02-09,15.880000114440918,622.27754759826,10000.0,9881.767527074382,19881.767527074382,24175.482961572445,-17.76061905908161
2024-02-14,16.020000457763672,622.27754759826,10000.0,9968.88659738018,19968.88659738018,24175.482961572445,-17.400257818546
2024-02-15,16.079999923706055,622.27754759826,10000.0,10006.222917904011,20006.22291790401,24175.482961572445,-17.245819040287966
2024-02-16,16.5,622.27754759826,10000.0,10267.57953537129,20267.57953537129,24175.482961572445,-16.164737773441253
2024-02-19,16.290000915527344,622.27754759826,10000.0,10136.901820087765,20136.901820087765,24175.482961572445,-16.705275952104486
2024-02-20,16.3799991607666,622.27754759826,10000.0,10192.905707423397,20192.905707423397,24175.482961572445,-16.47362023947756
2024-02-21,16.649999618530273,622.27754759826,10000.0,10360.920930130982,20360.920930130982,24175.482961572445,-15.778638373036053
2024-02-22,16.920000076293945,622.27754759826,10000.0,10528.936152838567,20528.936152838567,24175.482961572445,-15.083656506594545
2024-02-23,16.8799991607666,622.27754759826,10000.0,10504.044481222527,20504.044481222525,24175.482961572445,-15.1866189651134
2024-02-26,16.770000457763672,622.27754759826,10000.0,10435.594758078874,20435.594758078874,24175.482961572445,-15.469755906999746
2024-02-27,16.959999084472656,622.27754759826,10000.0,10553.826637554379,20553.82663755438,24175.482961572445,-14.980698957595934
2024-02-28,16.68000030517578,622.27754759826,10000.0,10379.589683843013,20379.589683843013,24175.482961572445,-15.701416529146917
2024-02-29,16.6299991607666,622.27754759826,10000.0,10348.475094322963,20348.475094322963,24175.482961572445,-15.830119602295472
2024-03-01,16.719999313354492,622.27754759826,10000.0,10404.480168558825,20404.480168558825,24175.482961572445,-15.598458980148305
2024-03-04,16.739999771118164,622.27754759826,10000.0,10416.926004366844,20416.926004366844,24175.482961572445,-15.546977750888885
2024-03-05,16.299999237060547,622.27754759826,10000.0,10143.123551091545,20143.123551091543,24175.482961572445,-16.67954024699503
2024-03-06,16.600000381469727,622.27754759826,10000.0,10329.80752751116,20329.807527511162,24175.482961572445,-15.907336536664369
2024-03-07,16.420000076293945,622.27754759826,10000.0,10217.797379039437,20217.79737903944,24175.482961572445,-16.370657780958705
2024-03-08,16.559999465942383,622.27754759826,10000.0,10304.91585589512,20304.91585589512,24175.482961572445,-16.010298995183224
2024-03-11,16.790000915527344,622.27754759826,10000.0,10448.040593886895,20448.040593886893,24175.482961572445,-15.418274677740326
2024-03-12,17.31999969482422,622.27754759826,10000.0,10777.846934497826,20777.846934497826,24175.482961572445,-14.054056469007255
2024-03-13,17.31999969482422,622.27754759826,10000.0,10777.846934497826,20777.846934497826,24175.482961572445,-14.054056469007255
2024-03-14,17.170000076293945,622.27754759826,10000.0,10684.505539738133,20684.505539738133,24175.482961572445,-14.440155869412457
2024-03-15,16.950000762939453,622.27754759826,10000.0,10547.604906550598,20547.604906550598,24175.482961572445,-15.006434662705406
2024-03-18,16.959999084472656,622.27754759826,10000.0,10553.826637554379,20553.82663755438,24175.482961572445,-14.980698957595934
2024-03-19,16.75,622.27754759826,10000.0,10423.148922270855,20423.148922270855,24175.482961572445,-15.521237136259167
2024-03-20,16.770000457763672,622.27754759826,10000.0,10435.594758078874,20435.594758078874,24175.482961572445,-15.469755906999746
2024-03-21,17.100000381469727,622.27754759826,10000.0,10640.94630131029,20640.94630131029,24175.482961572445,-14.620335262300205
2024-03-22,16.709999084472656,622.27754759826,10000.0,10398.257250654813,20398.257250654813,24175.482961572445,-15.624199594778021
2024-03-25,16.68000030517578,622.27754759826,10000.0,10379.589683843013,20379.589683843013,24175.482961572445,-15.701416529146917
2024-03-26,16.84000015258789,622.27754759826,10000.0,10479.153996506717,20479.153996506717,24175.482961572445,-15.289576514111996
2024-03-27,16.6200008392334,622.27754759826,10000.0,10342.253363319182,20342.25336331918,24175.482961572445,-15.855855307404948
2024-03-28,16.75,622.27754759826,10000.0,10423.148922270855,20423.148922270855,24175.482961572445,-15.521237136259167
2024-04-02,17.149999618530273,622.27754759826,10000.0,10672.059703930112,20672.059703930114,24175.482961572445,-14.491637098671879
2024-04-03,16.940000534057617,622.27754759826,10000.0,10541.381988646588,20541.381988646586,24175.482961572445,-15.032175277335124
2024-04-05,16.940000534057617,622.27754759826,10000.0,10541.381988646588,20541.381988646586,24175.482961572445,-15.032175277335124
2024-04-08,16.969999313354492,622.27754759826,10000.0,10560.049555458389,20560.04955545839,24175.482961572445,-14.954958342966215
2024-04-09,17.079999923706055,622.27754759826,10000.0,10628.500465502271,20628.50046550227,24175.482961572445,-14.671816491559625
2024-04-10,17.389999389648438,622.27754759826,10000.0,10821.406172925666,20821.406172925665,24175.482961572445,-13.87387707611952
2024-04-11,17.34000015258789,622.27754759826,10000.0,10790.292770305847,20790.292770305845,24175.482961572445,-14.002575239747836
2024-04-12,16.969999313354492,622.27754759826,10000.0,10560.049555458389,20560.04955545839,24175.482961572445,-14.954958342966215
2024-04-15,16.81999969482422,622.27754759826,10000.0,10466.708160698696,20466.708160698698,24175.482961572445,-15.341057743371417
2024-04-16,16.489999771118164,622.27754759826,10000.0,10261.35661746728,20261.35661746728,24175.482961572445,-16.190478388070957
2024-04-17,16.479999542236328,622.27754759826,10000.0,10255.133699563268,20255.133699563266,24175.482961572445,-16.21621900270069
2024-04-18,16.6299991607666,622.27754759826,10000.0,10348.475094322963,20348.475094322963,24175.482961572445,-15.830119602295472
2024-04-19,16.469999313354492,622.27754759826,10000.0,10248.910781659259,20248.91078165926,24175.482961572445,-16.241959617330394
2024-04-22,16.709999084472656,622.27754759826,10000.0,10398.257250654813,20398.257250654813,24175.482961572445,-15.624199594778021
2024-04-23,17.059999465942383,622.27754759826,10000.0,10616.05462969425,20616.05462969425,24175.482961572445,-14.723297720819062
2024-04-24,17.43000030517578,622.27754759826,10000.0,10846.297844541708,20846.29784454171,24175.482961572445,-13.770914617600653
2024-04-25,17.510000228881836,622.27754759826,10000.0,10896.080000873559,20896.08000087356,24175.482961572445,-13.5649946100832
2024-04-26,17.899999618530273,622.27754759826,10000.0,11138.767864628808,21138.767864628808,24175.482961572445,-12.561135187125627
2024-04-29,17.81999969482422,622.27754759826,10000.0,11088.985708296956,21088.985708296954,24175.482961572445,-12.767055194643095
2024-04-30,17.84000015258789,622.27754759826,10000.0,11101.431544104977,21101.431544104977,24175.482961572445,-12.715573965383658
2024-05-02,18.309999465942383,622.27754759826,10000.0,11393.901564192076,21393.901564192078,24175.482961572445,-11.50579453490862
2024-05-03,18.559999465942383,622.27754759826,10000.0,11549.47095109164,21549.47095109164,24175.482961572445,-10.862293897726547
2024-05-06,18.68000030517578,622.27754759826,10000.0,11624.144779039532,21624.144779039532,24175.482961572445,-10.55341143169024
2024-05-07,18.559999465942383,622.27754759826,10000.0,11549.47095109164,21549.47095109164,24175.482961572445,-10.862293897726547
2024-05-08,18.40999984741211,622.27754759826,10000.0,11456.129556331947,21456.129556331947,24175.482961572445,-11.248393298131749
2024-05-09,18.670000076293945,622.27754759826,10000.0,11617.921861135523,21617.921861135525,24175.482961572445,-10.579152046319942
2024-05-10,19.1200008392334,622.27754759826,10000.0,11897.947232314831,21897.94723231483,24175.482961572445,-9.42084893558411
2024-05-13,19.270000457763672,622.27754759826,10000.0,11991.288627074524,21991.288627074522,24175.482961572445,-9.034749535178909
2024-05-14,19.229999542236328,622.27754759826,10000.0,11966.396955458484,21966.396955458484,24175.482961572445,-9.13771199369775
2024-05-16,19.530000686645508,622.27754759826,10000.0,12153.0809318781,22153.0809318781,24175.482961572445,-8.365508283367102
2024-05-17,19.719999313354492,622.27754759826,10000.0,12271.312811353604,22271.312811353604,24175.482961572445,-7.87645133396329
2024-05-20,19.809999465942383,622.27754759826,10000.0,12327.317885589466,22327.317885589466,24175.482961572445,-7.64479071181612
2024-05-21,19.350000381469727,622.27754759826,10000.0,12041.070783406376,22041.070783406376,24175.482961572445,-8.82882952766144
2024-05-22,19.34000015258789,622.27754759826,10000.0,12034.847865502366,22034.847865502365,24175.482961572445,-8.85457014229116
2024-05-23,19.020000457763672,622.27754759826,10000.0,11835.71924017496,21835.71924017496,24175.482961572445,-9.678250172360983
2024-05-24,18.790000915527344,622.27754759826,10000.0,11692.595689083415,21692.595689083413,24175.482961572445,-10.27026958028365
2024-05-27,19.0,622.27754759826,10000.0,11823.273404366939,21823.27340436694,24175.482961572445,-9.729731401620402
2024-05-28,19.020000457763672,622.27754759826,10000.0,11835.71924017496,21835.71924017496,24175.482961572445,-9.678250172360983
2024-05-29,18.709999084472656,622.27754759826,10000.0,11642.812345851333,21642.812345851333,24175.482961572445,-10.476194497321346
2024-05-30,18.459999084472656,622.27754759826,10000.0,11487.242958951769,21487.24295895177,24175.482961572445,-11.119695134503418
2024-05-31,18.299999237060547,622.27754759826,10000.0,11387.678646288065,21387.678646288063,24175.482961572445,-11.531535149538353
2024-06-03,18.6200008392334,622.27754759826,10000.0,11586.808458515701,21586.8084585157,24175.482961572445,-10.70785020994827
2024-06-04,18.65999984741211,622.27754759826,10000.0,11611.698943231513,21611.698943231513,24175.482961572445,-10.604892660949659
2024-06-05,18.65999984741211,622.27754759826,10000.0,11611.698943231513,21611.698943231513,24175.482961572445,-10.604892660949659
2024-06-06,18.760000228881836,622.27754759826,10000.0,11673.926935371384,21673.926935371383,24175.482961572445,-10.347491424172787
2024-06-07,18.65999984741211,622.27754759826,10000.0,11611.698943231513,21611.698943231513,24175.482961572445,-10.604892660949659
2024-06-11,18.5,622.27754759826,10000.0,11512.134630567809,21512.13463056781,24175.482961572445,-11.016732675984578
2024-06-12,18.290000915527344,622.27754759826,10000.0,11381.456915284285,21381.456915284285,24175.482961572445,-11.557270854647811
2024-06-13,18.459999084472656,622.27754759826,10000.0,11487.242958951769,21487.24295895177,24175.482961572445,-11.119695134503418
2024-06-14,18.270000457763672,622.27754759826,10000.0,11369.011079476264,21369.011079476266,24175.482961572445,-11.60875208390723
2024-06-17,18.299999237060547,622.27754759826,10000.0,11387.678646288065,21387.678646288063,24175.482961572445,-11.531535149538353
2024-06-18,18.290000915527344,622.27754759826,10000.0,11381.456915284285,21381.456915284285,24175.482961572445,-11.557270854647811
2024-06-19,18.809999465942383,622.27754759826,10000.0,11705.040337991206,21705.040337991206,24175.482961572445,-10.218793260544459
2024-06-20,18.709999084472656,622.27754759826,10000.0,11642.812345851333,21642.812345851333,24175.482961572445,-10.476194497321346
2024-06-21,18.399999618530273,622.27754759826,10000.0,11449.906638427938,21449.906638427936,24175.482961572445,-11.274133912761465
2024-06-24,18.399999618530273,622.27754759826,10000.0,11449.906638427938,21449.906638427936,24175.482961572445,-11.274133912761465
2024-06-25,18.43000030517578,622.27754759826,10000.0,11468.575392139968,21468.575392139966,24175.482961572445,-11.196912068872328
2024-06-26,18.469999313354492,622.27754759826,10000.0,11493.465876855778,21493.46587685578,24175.482961572445,-11.093954519873716
2024-06-27,18.1299991607666,622.27754759826,10000.0,11281.891415720353,21281.891415720354,24175.482961572445,-11.969115779202959
2024-06-28,18.1200008392334,622.27754759826,10000.0,11275.669684716571,21275.669684716573,24175.482961572445,-11.994851484312433
2024-07-02,18.190000534057617,622.27754759826,10000.0,11319.228923144414,21319.228923144416,24175.482961572445,-11.814672091424683
2024-07-03,18.399999618530273,622.27754759826,10000.0,11449.906638427938,21449.906638427936,24175.482961572445,-11.274133912761465
2024-07-04,18.510000228881836,622.27754759826,10000.0,11518.357548471819,21518.357548471817,24175.482961572445,-10.990992061354877
2024-07-05,18.260000228881836,622.27754759826,10000.0,11362.788161572254,21362.788161572254,24175.482961572445,-11.634492698536949
2024-07-08,18.079999923706055,622.27754759826,10000.0,11250.778013100531,21250.77801310053,24175.482961572445,-12.097813942831289
2024-07-09,18.049999237060547,622.27754759826,10000.0,11232.1092593885,21232.1092593885,24175.482961572445,-12.175035786720425
2024-07-10,18.020000457763672,622.27754759826,10000.0,11213.4416925767,21213.4416925767,24175.482961572445,-12.25225272108932
2024-07-11,18.399999618530273,622.27754759826,10000.0,11449.906638427938,21449.906638427936,24175.482961572445,-11.274133912761465
2024-07-12,18.860000610351562,622.27754759826,10000.0,11736.154927511256,21736.154927511256,24175.482961572445,-10.0900901873959
2024-07-15,18.579999923706055,622.27754759826,10000.0,11561.916786899661,21561.91678689966,24175.482961572445,-10.810812668467126
2024-07-16,18.280000686645508,622.27754759826,10000.0,11375.233997380275,21375.233997380274,24175.482961572445,-11.58301146927753
2024-07-17,18.280000686645508,622.27754759826,10000.0,11375.233997380275,21375.233997380274,24175.482961572445,-11.58301146927753
2024-07-18,18.329999923706055,622.27754759826,10000.0,11406.347400000095,21406.347400000093,24175.482961572445,-11.454313305649215
2024-07-19,17.979999542236328,622.27754759826,10000.0,11188.55002096066,21188.55002096066,24175.482961572445,-12.35521517960816
2024-07-22,18.219999313354492,622.27754759826,10000.0,11337.896489956214,21337.896489956212,24175.482961572445,-11.737455157055805
2024-07-23,18.020000457763672,622.27754759826,10000.0,11213.4416925767,21213.4416925767,24175.482961572445,-12.25225272108932
2024-07-24,17.8799991607666,622.27754759826,10000.0,11126.322028820787,21126.32202882079,24175.482961572445,-12.612616416385048
2024-07-25,17.56999969482422,622.27754759826,10000.0,10933.416321397392,20933.41632139739,24175.482961572445,-13.410555831825166
2024-07-26,17.549999237060547,622.27754759826,10000.0,10920.97048558937,20920.970485589372,24175.482961572445,-13.462037061084587
2024-07-29,17.84000015258789,622.27754759826,10000.0,11101.431544104977,21101.431544104977,24175.482961572445,-12.715573965383658
2024-07-30,17.549999237060547,622.27754759826,10000.0,10920.97048558937,20920.970485589372,24175.482961572445,-13.462037061084587
2024-07-31,17.959999084472656,622.27754759826,10000.0,11176.104185152639,21176.10418515264,24175.482961572445,-12.406696408867596
2024-08-01,17.850000381469727,622.27754759826,10000.0,11107.654462008986,21107.654462008984,24175.482961572445,-12.689833350753958
2024-08-02,17.510000228881836,622.27754759826,10000.0,10896.080000873559,20896.08000087356,24175.482961572445,-13.5649946100832
2024-08-05,17.25,622.27754759826,10000.0,10734.287696069985,20734.287696069987,24175.482961572445,-14.23423586189499
2024-08-06,17.200000762939453,622.27754759826,10000.0,10703.174293450164,20703.174293450164,24175.482961572445,-14.36293402552332
2024-08-07,17.43000030517578,622.27754759826,10000.0,10846.297844541708,20846.29784454171,24175.482961572445,-13.770914617600653
2024-08-08,17.440000534057617,622.27754759826,10000.0,10852.520762445718,20852.520762445718,24175.482961572445,-13.745174002970947
2024-08-09,17.65999984741211,622.27754759826,10000.0,10989.421395633253,20989.421395633253,24175.482961572445,-13.178895209677998
2024-08-12,17.65999984741211,622.27754759826,10000.0,10989.421395633253,20989.421395633253,24175.482961572445,-13.178895209677998
2024-08-13,17.729999542236328,622.27754759826,10000.0,11032.980634061094,21032.980634061096,24175.482961572445,-12.998715816790249
2024-08-14,17.65999984741211,622.27754759826,10000.0,10989.421395633253,20989.421395633253,24175.482961572445,-13.178895209677998
2024-08-15,17.690000534057617,622.27754759826,10000.0,11008.090149345282,21008.090149345284,24175.482961572445,-13.10167336578886
2024-08-16,18.010000228881836,622.27754759826,10000.0,11207.218774672689,21207.21877467269,24175.482961572445,-12.277993335719037
2024-08-19,18.149999618530273,622.27754759826,10000.0,11294.337251528372,21294.33725152837,24175.482961572445,-11.917634549943553
2024-08-20,18.079999923706055,622.27754759826,10000.0,11250.778013100531,21250.77801310053,24175.482961572445,-12.097813942831289
2024-08-21,17.959999084472656,622.27754759826,10000.0,11176.104185152639,21176.10418515264,24175.482961572445,-12.406696408867596
2024-08-22,18.219999313354492,622.27754759826,10000.0,11337.896489956214,21337.896489956212,24175.482961572445,-11.737455157055805
2024-08-23,18.209999084472656,622.27754759826,10000.0,11331.673572052203,21331.673572052205,24175.482961572445,-11.763195771685506
2024-08-26,18.3700008392334,622.27754759826,10000.0,11431.239071616137,21431.23907161614,24175.482961572445,-11.351350847130345
2024-08-27,18.469999313354492,622.27754759826,10000.0,11493.465876855778,21493.46587685578,24175.482961572445,-11.093954519873716
2024-08-28,18.299999237060547,622.27754759826,10000.0,11387.678646288065,21387.678646288063,24175.482961572445,-11.531535149538353
2024-08-29,18.3700008392334,622.27754759826,10000.0,11431.239071616137,21431.23907161614,24175.482961572445,-11.351350847130345
2024-08-30,18.610000610351562,622.27754759826,10000.0,11580.585540611692,21580.58554061169,24175.482961572445,-10.73359082457799
2024-09-02,18.299999237060547,622.27754759826,10000.0,11387.678646288065,21387.678646288063,24175.482961572445,-11.531535149538353
2024-09-03,18.280000686645508,622.27754759826,10000.0,11375.233997380275,21375.233997380274,24175.482961572445,-11.58301146927753
2024-09-04,18.079999923706055,622.27754759826,10000.0,11250.778013100531,21250.77801310053,24175.482961572445,-12.097813942831289
2024-09-05,18.09000015258789,622.27754759826,10000.0,11257.00093100454,21257.000931004543,24175.482961572445,-12.07207332820157
2024-09-09,17.84000015258789,622.27754759826,10000.0,11101.431544104977,21101.431544104977,24175.482961572445,-12.715573965383658
2024-09-10,17.90999984741211,622.27754759826,10000.0,11144.990782532817,21144.99078253282,24175.482961572445,-12.535394572495909
2024-09-11,17.770000457763672,622.27754759826,10000.0,11057.872305677134,21057.872305677134,24175.482961572445,-12.895753358271408
2024-09-12,17.940000534057617,622.27754759826,10000.0,11163.659536244848,21163.65953624485,24175.482961572445,-12.45817272860677
2024-09-13,18.06999969482422,622.27754759826,10000.0,11244.555095196522,21244.55509519652,24175.482961572445,-12.123554557461006
2024-09-16,18.1299991607666,622.27754759826,10000.0,11281.891415720353,21281.891415720354,24175.482961572445,-11.969115779202959
2024-09-17,18.350000381469727,622.27754759826,10000.0,11418.793235808116,21418.793235808116,24175.482961572445,-11.40283207638978
2024-09-19,18.719999313354492,622.27754759826,10000.0,11649.035263755344,21649.035263755344,24175.482961572445,-10.450453882691628
2024-09-20,18.940000534057617,622.27754759826,10000.0,11785.937083843108,21785.937083843106,24175.482961572445,-9.88417017987845
2024-09-23,18.950000762939453,622.27754759826,10000.0,11792.160001747117,21792.160001747117,24175.482961572445,-9.858429565248732
2024-09-24,19.739999771118164,622.27754759826,10000.0,12283.758647161623,22283.758647161623,24175.482961572445,-7.82497010470387
2024-09-25,19.84000015258789,622.27754759826,10000.0,12345.986639301496,22345.986639301496,24175.482961572445,-7.567568867926982
2024-09-26,20.65999984741211,622.27754759826,10000.0,12856.254038428033,22856.254038428033,24175.482961572445,-5.456887563492983
2024-09-27,21.34000015258789,622.27754759826,10000.0,13279.402960698886,23279.402960698884,24175.482961572445,-3.706565044834483
2024-09-30,21.81999969482422,622.27754759826,10000.0,13578.095898689995,23578.095898689993,24175.482961572445,-2.4710449997297417
2024-10-02,23.139999389648438,622.27754759826,10000.0,14399.502071615661,24399.50207161566,24399.50207161566,0.0
2024-10-03,22.81999969482422,622.27754759826,10000.0,14200.373446288255,24200.373446288257,24399.50207161566,-0.8161175779035847
2024-10-04,23.459999084472656,622.27754759826,10000.0,14598.630696943068,24598.630696943066,24598.630696943066,0.0
2024-10-07,23.799999237060547,622.27754759826,10000.0,14810.205158078496,24810.205158078497,24810.205158078497,0.0
2024-10-08,21.639999389648438,622.27754759826,10000.0,13466.085750218272,23466.08575021827,24810.205158078497,-5.41760698590018
2024-10-09,21.31999969482422,622.27754759826,10000.0,13266.957124890865,23266.957124890865,24810.205158078497,-6.220214719526946
2024-10-10,21.959999084472656,622.27754759826,10000.0,13665.214375545678,23665.21437554568,24810.205158078497,-4.6149992522734
2024-10-14,21.799999237060547,622.27754759826,10000.0,13565.650062881976,23565.650062881978,24810.205158078497,-5.016303119086776
2024-10-15,21.059999465942383,622.27754759826,10000.0,13105.16482008729,23105.164820087288,24810.205158078497,-6.87233469907857
2024-10-16,20.979999542236328,622.27754759826,10000.0,13055.38266375544,23055.382663755438,24810.205158078497,-7.072986632485256
2024-10-17,20.760000228881836,622.27754759826,10000.0,12918.482030567904,22918.482030567902,24810.205158078497,-7.624778253373804
2024-10-18,21.5,622.27754759826,10000.0,13378.967273362588,23378.96727336259,24810.205158078497,-5.768746673382025
2024-10-21,21.200000762939453,622.27754759826,10000.0,13192.284483843203,23192.284483843203,24810.205158078497,-6.521190227677259
2024-10-22,21.219999313354492,622.27754759826,10000.0,13204.729132750994,23204.729132750996,24810.205158078497,-6.471030832265165
2024-10-23,21.479999542236328,622.27754759826,10000.0,13366.52143755457,23366.52143755457,24810.205158078497,-5.818910852713556
2024-10-24,21.219999313354492,622.27754759826,10000.0,13204.729132750994,23204.729132750996,24810.205158078497,-6.471030832265165
2024-10-25,21.34000015258789,622.27754759826,10000.0,13279.402960698886,23279.402960698884,24810.205158078497,-6.170050540195415
2024-10-28,21.31999969482422,622.27754759826,10000.0,13266.957124890865,23266.957124890865,24810.205158078497,-6.220214719526946
2024-10-29,21.420000076293945,622.27754759826,10000.0,13329.185117030738,23329.18511703074,24810.205158078497,-5.969398606788713
2024-10-30,20.459999084472656,622.27754759826,10000.0,12731.798054148288,22731.79805414829,24810.205158078497,-8.377226591588474
2024-10-31,20.459999084472656,622.27754759826,10000.0,12731.798054148288,22731.79805414829,24810.205158078497,-8.377226591588474
2024-11-01,20.6200008392334,622.27754759826,10000.0,12831.36355371222,22831.36355371222,24810.205158078497,-7.975917940855649
2024-11-04,20.68000030517578,622.27754759826,10000.0,12868.699874236052,22868.699874236052,24810.205158078497,-7.825430186780492
2024-11-05,21.1200008392334,622.27754759826,10000.0,13142.50232751135,23142.50232751135,24810.205158078497,-6.721842161083963
2024-11-06,20.639999389648438,622.27754759826,10000.0,12843.808202620012,22843.808202620014,24810.205158078497,-7.9257585454435535
2024-11-07,21.079999923706055,622.27754759826,10000.0,13117.61065589531,23117.61065589531,24810.205158078497,-6.822170519747024
2024-11-08,20.81999969482422,622.27754759826,10000.0,12955.818351091735,22955.818351091737,24810.205158078497,-7.474290499298632
2024-11-11,20.559999465942383,622.27754759826,10000.0,12794.02604628816,22794.02604628816,24810.205158078497,-8.126410478850255
2024-11-12,19.969999313354492,622.27754759826,10000.0,12426.882198253168,22426.882198253166,24810.205158078497,-9.606220281694418
2024-11-13,19.940000534057617,622.27754759826,10000.0,12408.214631441368,22408.21463144137,24810.205158078497,-9.681461766772257
2024-11-14,19.549999237060547,622.27754759826,10000.0,12165.52558078589,22165.525580785892,24810.205158078497,-10.659644128059401
2024-11-15,19.549999237060547,622.27754759826,10000.0,12165.52558078589,22165.525580785892,24810.205158078497,-10.659644128059401
2024-11-18,19.709999084472656,622.27754759826,10000.0,12265.089893449593,22265.089893449593,24810.205158078497,-10.258340261246026
2024-11-19,19.790000915527344,622.27754759826,10000.0,12314.873236681675,22314.873236681677,24810.205158078497,-10.057683543919874
2024-11-20,19.81999969482422,622.27754759826,10000.0,12333.540803493475,22333.540803493474,24810.205158078497,-9.982442058842036
2024-11-21,19.719999313354492,622.27754759826,10000.0,12271.312811353604,22271.312811353604,24810.205158078497,-10.233258171580253
2024-11-22,19.34000015258789,622.27754759826,10000.0,12034.847865502366,22034.847865502365,24810.205158078497,-11.18635365928219
2024-11-25,19.290000915527344,622.27754759826,10000.0,12003.734462882545,22003.734462882545,24810.205158078497,-11.311759323691575
2024-11-26,19.270000457763672,622.27754759826,10000.0,11991.288627074524,21991.288627074522,24810.205158078497,-11.361923503023121
2024-11-27,19.760000228881836,622.27754759826,10000.0,12296.204482969644,22296.204482969646,24810.205158078497,-10.132929812917176
2024-11-28,19.5,622.27754759826,10000.0,12134.412178166069,22134.41217816607,24810.205158078497,-10.785049792468799
2024-11-29,19.600000381469727,622.27754759826,10000.0,12196.640170305942,22196.640170305942,24810.205158078497,-10.534233679730567
2024-12-02,19.739999771118164,622.27754759826,10000.0,12283.758647161623,22283.758647161623,24810.205158078497,-10.183093992248722
2024-12-03,19.8799991607666,622.27754759826,10000.0,12370.877124017306,22370.87712401731,24810.205158078497,-9.831954304766862
2024-12-04,19.8799991607666,622.27754759826,10000.0,12370.877124017306,22370.87712401731,24810.205158078497,-9.831954304766862
2024-12-05,19.719999313354492,622.27754759826,10000.0,12271.312811353604,22271.312811353604,24810.205158078497,-10.233258171580253
2024-12-06,20.040000915527344,622.27754759826,10000.0,12470.442623581239,22470.44262358124,24810.205158078497,-9.430645654034038
2024-12-09,20.559999465942383,622.27754759826,10000.0,12794.02604628816,22794.02604628816,24810.205158078497,-8.126410478850255
2024-12-10,20.479999542236328,622.27754759826,10000.0,12744.24388995631,22744.24388995631,24810.205158078497,-8.327062412256943
2024-12-11,20.31999969482422,622.27754759826,10000.0,12644.679577292605,22644.679577292605,24810.205158078497,-8.728366279070334
2024-12-12,20.540000915527344,622.27754759826,10000.0,12781.58139738037,22781.58139738037,24810.205158078497,-8.176569874262336
2024-12-13,20.079999923706055,622.27754759826,10000.0,12495.33310829705,22495.33310829705,24810.205158078497,-9.330322079290411
2024-12-16,19.93000030517578,622.27754759826,10000.0,12401.991713537358,22401.991713537358,24810.205158078497,-9.706543856438028
2024-12-17,19.899999618530273,622.27754759826,10000.0,12383.322959825327,22383.322959825327,24810.205158078497,-9.781790125435332
2024-12-18,20.040000915527344,622.27754759826,10000.0,12470.442623581239,22470.44262358124,24810.205158078497,-9.430645654034038
2024-12-19,19.920000076293945,622.27754759826,10000.0,12395.768795633348,22395.768795633347,24810.205158078497,-9.7316259461038
2024-12-20,19.889999389648438,622.27754759826,10000.0,12377.100041921318,22377.100041921316,24810.205158078497,-9.806872215101105
2024-12-23,20.020000457763672,622.27754759826,10000.0,12457.99678777322,22457.99678777322,24810.205158078497,-9.480809833365567
2024-12-24,20.280000686645508,622.27754759826,10000.0,12619.789092576795,22619.789092576793,24810.205158078497,-8.828689853813959
2024-12-27,20.219999313354492,622.27754759826,10000.0,12582.451585152734,22582.451585152732,24810.205158078497,-8.979182391808568
2024-12-30,20.18000030517578,622.27754759826,10000.0,12557.561100436922,22557.56110043692,24810.205158078497,-9.079505966552192
2024-12-31,20.239999771118164,622.27754759826,10000.0,12594.897420960753,22594.897420960755,24810.205158078497,-8.929018212477022
2025-01-02,19.780000686645508,622.27754759826,10000.0,12308.650318777665,22308.650318777665,24810.205158078497,-10.082765633585646
2025-01-03,19.940000534057617,622.27754759826,10000.0,12408.214631441368,22408.21463144137,24810.205158078497,-9.681461766772257
2025-01-06,19.8799991607666,622.27754759826,10000.0,12370.877124017306,22370.87712401731,24810.205158078497,-9.831954304766862
2025-01-07,19.6299991607666,622.27754759826,10000.0,12215.307737117742,22215.307737117742,24810.205158078497,-10.458992194652714
2025-01-08,19.469999313354492,622.27754759826,10000.0,12115.743424454038,22115.743424454038,24810.205158078497,-10.860296061466105
2025-01-09,19.43000030517578,622.27754759826,10000.0,12090.852939738228,22090.85293973823,24810.205158078497,-10.960619636209715
2025-01-10,19.270000457763672,622.27754759826,10000.0,11991.288627074524,21991.288627074522,24810.205158078497,-11.361923503023121
2025-01-13,19.09000015258789,622.27754759826,10000.0,11879.2784786028,21879.2784786028,24810.205158078497,-11.813391549168042
2025-01-14,19.440000534057617,622.27754759826,10000.0,12097.075857642238,22097.075857642238,24810.205158078497,-10.935537546543957
2025-01-15,19.479999542236328,622.27754759826,10000.0,12121.96634235805,22121.96634235805,24810.205158078497,-10.83521397180033
2025-01-16,19.75,622.27754759826,10000.0,12289.981565065635,22289.981565065635,24810.205158078497,-10.15801190258295
2025-01-17,19.790000915527344,622.27754759826,10000.0,12314.873236681675,22314.873236681677,24810.205158078497,-10.057683543919874
2025-01-20,20.1200008392334,622.27754759826,10000.0,12520.224779913091,22520.224779913093,24810.205158078497,-9.229993720627336
2025-01-21,20.31999969482422,622.27754759826,10000.0,12644.679577292605,22644.679577292605,24810.205158078497,-8.728366279070334
2025-01-22,19.969999313354492,622.27754759826,10000.0,12426.882198253168,22426.882198253166,24810.205158078497,-9.606220281694418
2025-01-23,19.899999618530273,622.27754759826,10000.0,12383.322959825327,22383.322959825327,24810.205158078497,-9.781790125435332
2025-01-24,20.260000228881836,622.27754759826,10000.0,12607.343256768774,22607.343256768774,24810.205158078497,-8.87885403314549
2025-01-27,20.399999618530273,622.27754759826,10000.0,12694.461733624457,22694.461733624456,24810.205158078497,-8.527714345663645
2025-01-28,20.459999084472656,622.27754759826,10000.0,12731.798054148288,22731.79805414829,24810.205158078497,-8.377226591588474
2025-02-03,20.440000534057617,622.27754759826,10000.0,12719.353405240498,22719.353405240498,24810.205158078497,-8.42738598700057
2025-02-04,21.0,622.27754759826,10000.0,13067.828499563459,23067.82849956346,24810.205158078497,-7.022822453153712
2025-02-05,20.799999237060547,622.27754759826,10000.0,12943.372515283716,22943.372515283714,24810.205158078497,-7.524454678630178
2025-02-06,21.100000381469727,622.27754759826,10000.0,13130.056491703332,23130.056491703333,24810.205158078497,-6.772006340415479
2025-02-07,21.34000015258789,622.27754759826,10000.0,13279.402960698886,23279.402960698884,24810.205158078497,-6.170050540195415
2025-02-10,21.719999313354492,622.27754759826,10000.0,13515.867906550124,23515.867906550124,24810.205158078497,-5.216955052493478
2025-02-11,21.520000457763672,622.27754759826,10000.0,13391.41310917061,23391.413109170608,24810.205158078497,-5.718582494050494
2025-02-12,22.059999465942383,622.27754759826,10000.0,13727.44236768555,23727.44236768555,24810.205158078497,-4.364183139535167
2025-02-13,22.0,622.27754759826,10000.0,13690.106047161718,23690.106047161717,24810.205158078497,-4.514670893610338
2025-02-14,22.81999969482422,622.27754759826,10000.0,14200.373446288255,24200.373446288257,24810.205158078497,-2.457987380211857
2025-02-17,22.81999969482422,622.27754759826,10000.0,14200.373446288255,24200.373446288257,24810.205158078497,-2.457987380211857
2025-02-18,23.18000030517578,622.27754759826,10000.0,14424.393743231703,24424.393743231703,24810.205158078497,-1.5550512879220153
2025-02-19,23.139999389648438,622.27754759826,10000.0,14399.502071615661,24399.50207161566,24810.205158078497,-1.6553796465850912
2025-02-20,22.760000228881836,622.27754759826,10000.0,14163.037125764424,24163.037125764422,24810.205158078497,-2.608475134287029
2025-02-21,23.68000030517578,622.27754759826,10000.0,14735.532517030833,24735.532517030835,24810.205158078497,-0.30097550815031404
2025-02-24,23.540000915527344,622.27754759826,10000.0,14648.41404017515,24648.41404017515,24810.205158078497,-0.6521151956321735
2025-02-25,23.239999771118164,622.27754759826,10000.0,14461.730063755535,24461.730063755535,24810.205158078497,-1.4045635338468583
2025-02-26,23.959999084472656,622.27754759826,10000.0,14909.769470742198,24909.769470742198,24909.769470742198,0.0
2025-02-27,23.940000534057617,622.27754759826,10000.0,14897.324821834407,24897.32482183441,24909.769470742198,-0.04995890838093048
2025-02-28,23.15999984741211,622.27754759826,10000.0,14411.947907423682,24411.94790742368,24909.769470742198,-1.9984992791813438
2025-03-03,23.219999313354492,622.27754759826,10000.0,14449.284227947514,24449.284227947515,24909.769470742198,-1.8486130244422618
2025-03-04,23.139999389648438,622.27754759826,10000.0,14399.502071615661,24399.50207161566,24909.769470742198,-2.048462952360405
2025-03-05,23.799999237060547,622.27754759826,10000.0,14810.205158078496,24810.205158078497,24909.769470742198,-0.3996998558362571
2025-03-06,24.6200008392334,622.27754759826,10000.0,15320.473744105262,25320.473744105264,25320.473744105264,0.0
2025-03-07,24.520000457763672,622.27754759826,10000.0,15258.245751965389,25258.24575196539,25320.473744105264,-0.24576156342398645
2025-03-10,24.079999923706055,622.27754759826,10000.0,14984.44329869009,24984.44329869009,25320.473744105264,-1.327109629982351
2025-03-11,24.040000915527344,622.27754759826,10000.0,14959.55281397428,24959.552813974282,25320.473744105264,-1.4254114428447702
2025-03-12,23.979999542236328,622.27754759826,10000.0,14922.215306550219,24922.21530655022,25320.473744105264,-1.5728711934063233
2025-03-13,23.760000228881836,622.27754759826,10000.0,14785.314673362684,24785.314673362685,25320.473744105264,-2.1135428829295355
2025-03-14,24.260000228881836,622.27754759826,10000.0,15096.453447161814,25096.453447161814,25320.473744105264,-0.8847397533215722
2025-03-17,24.459999084472656,622.27754759826,10000.0,15220.908244541328,25220.90824454133,25320.473744105264,-0.3932213139855396
2025-03-18,25.040000915527344,622.27754759826,10000.0,15581.83036157254,25581.830361572538,25581.830361572538,0.0
2025-03-19,25.079999923706055,622.27754759826,10000.0,15606.72084628835,25606.72084628835,25606.72084628835,0.0
2025-03-20,24.540000915527344,622.27754759826,10000.0,15270.69158777341,25270.69158777341,25606.72084628835,-1.312269776876358
2025-03-21,24.0,622.27754759826,10000.0,14934.66114235824,24934.66114235824,25606.72084628835,-2.6245441888648697
2025-03-24,24.200000762939453,622.27754759826,10000.0,15059.117126637982,25059.117126637982,25606.72084628835,-2.138515598844206
2025-03-25,23.65999984741211,622.27754759826,10000.0,14723.086681222812,24723.086681222812,25606.72084628835,-3.4507900108327183
2025-03-26,23.780000686645508,622.27754759826,10000.0,14797.760509170705,24797.760509170705,25606.72084628835,-3.159171929797887
2025-03-27,23.8799991607666,622.27754759826,10000.0,14859.987314410348,24859.987314410348,25606.72084628835,-2.9161622698997016
2025-03-28,23.719999313354492,622.27754759826,10000.0,14760.423001746643,24760.423001746643,25606.72084628835,-3.304983287871379
2025-03-31,23.459999084472656,622.27754759826,10000.0,14598.630696943068,24598.630696943066,25606.72084628835,-3.9368186008533956
2025-04-01,23.5,622.27754759826,10000.0,14623.522368559108,24623.522368559108,25606.72084628835,-3.839611028804396
2025-04-02,23.520000457763672,622.27754759826,10000.0,14635.96820436713,24635.968204367127,25606.72084628835,-3.7910072427799033
2025-04-03,23.139999389648438,622.27754759826,10000.0,14399.502071615661,24399.50207161566,25606.72084628835,-4.714460636796737
2025-04-07,20.040000915527344,622.27754759826,10000.0,12470.442623581239,22470.44262358124,25606.72084628835,-12.247871336332036
2025-04-08,20.31999969482422,622.27754759826,10000.0,12644.679577292605,22644.679577292605,25606.72084628835,-11.56743687243768
2025-04-09,20.540000915527344,622.27754759826,10000.0,12781.58139738037,22781.58139738037,25606.72084628835,-11.03280449639251
2025-04-10,21.0,622.27754759826,10000.0,13067.828499563459,23067.82849956346,25606.72084628835,-9.914945228501985
2025-04-11,21.219999313354492,622.27754759826,10000.0,13204.729132750994,23204.729132750996,25606.72084628835,-9.380317487568968
2025-04-14,21.719999313354492,622.27754759826,10000.0,13515.867906550124,23515.867906550124,25606.72084628835,-8.165250647629456
2025-04-15,21.760000228881836,622.27754759826,10000.0,13540.759578166164,23540.759578166166,25606.72084628835,-8.068043075580455
2025-04-16,21.34000015258789,622.27754759826,10000.0,13279.402960698886,23279.402960698884,25606.72084628835,-9.088699406534149
2025-04-17,21.719999313354492,622.27754759826,10000.0,13515.867906550124,23515.867906550124,25606.72084628835,-8.165250647629456
2025-04-22,21.899999618530273,622.27754759826,10000.0,13627.878055021847,23627.878055021847,25606.72084628835,-7.727825843633285
2025-04-23,22.399999618530273,622.27754759826,10000.0,13939.016828820977,23939.016828820975,25606.72084628835,-6.512759003693773
2025-04-24,22.219999313354492,622.27754759826,10000.0,13827.006680349254,23827.006680349252,25606.72084628835,-6.950183807689944
2025-04-25,22.31999969482422,622.27754759826,10000.0,13889.234672489125,23889.234672489125,25606.72084628835,-6.707169512679605
2025-04-28,22.31999969482422,622.27754759826,10000.0,13889.234672489125,23889.234672489125,25606.72084628835,-6.707169512679605
2025-04-29,22.139999389648438,622.27754759826,10000.0,13777.224524017402,23777.2245240174,25606.72084628835,-7.144594316675776
2025-04-30,22.260000228881836,622.27754759826,10000.0,13851.898351965294,23851.898351965294,25606.72084628835,-6.852976235640944
2025-05-02,22.65999984741211,622.27754759826,10000.0,14100.809133624552,24100.809133624552,25606.72084628835,-5.880923690711756
2025-05-06,22.84000015258789,622.27754759826,10000.0,14212.819282096276,24212.819282096276,25606.72084628835,-5.443498886715585
2025-05-07,22.84000015258789,622.27754759826,10000.0,14212.819282096276,24212.819282096276,25606.72084628835,-5.443498886715585
2025-05-08,22.940000534057617,622.27754759826,10000.0,14275.047274236147,24275.047274236145,25606.72084628835,-5.200484591705261
2025-05-09,23.059999465942383,622.27754759826,10000.0,14349.719915283811,24349.71991528381,25606.72084628835,-4.908871145782569
2025-05-12,23.739999771118164,622.27754759826,10000.0,14772.868837554664,24772.868837554663,25606.72084628835,-3.2563795018468866
2025-05-13,23.260000228881836,622.27754759826,10000.0,14474.175899563554,24474.175899563554,25606.72084628835,-4.422842555761906
2025-05-14,23.81999969482422,622.27754759826,10000.0,14822.650993886515,24822.650993886513,25606.72084628835,-3.061968992861055
2025-05-15,23.65999984741211,622.27754759826,10000.0,14723.086681222812,24723.086681222812,25606.72084628835,-3.4507900108327183
2025-05-16,23.559999465942383,622.27754759826,10000.0,14660.858689082941,24660.85868908294,25606.72084628835,-3.6938043058430567
2025-05-19,23.540000915527344,622.27754759826,10000.0,14648.41404017515,24648.41404017515,25606.72084628835,-3.7424034567553965
2025-05-20,23.8799991607666,622.27754759826,10000.0,14859.987314410348,24859.987314410348,25606.72084628835,-2.9161622698997016
2025-05-21,24.059999465942383,622.27754759826,10000.0,14971.997462882071,24971.99746288207,25606.72084628835,-2.478737465903531
2025-05-22,23.760000228881836,622.27754759826,10000.0,14785.314673362684,24785.314673362685,25606.72084628835,-3.2077757158223794
2025-05-23,23.81999969482422,622.27754759826,10000.0,14822.650993886515,24822.650993886513,25606.72084628835,-3.061968992861055
2025-05-26,23.520000457763672,622.27754759826,10000.0,14635.96820436713,24635.968204367127,25606.72084628835,-3.7910072427799033
2025-05-27,23.65999984741211,622.27754759826,10000.0,14723.086681222812,24723.086681222812,25606.72084628835,-3.4507900108327183
2025-05-28,23.559999465942383,622.27754759826,10000.0,14660.858689082941,24660.85868908294,25606.72084628835,-3.6938043058430567
2025-05-29,23.860000610351562,622.27754759826,10000.0,14847.542665502557,24847.54266550256,25606.72084628835,-2.9647614208120405
2025-05-30,23.579999923706055,622.27754759826,10000.0,14673.30452489096,24673.304524890962,25606.72084628835,-3.64520051981855
2025-06-02,23.479999542236328,622.27754759826,10000.0,14611.076532751089,24611.07653275109,25606.72084628835,-3.8882148148288884
2025-06-03,23.81999969482422,622.27754759826,10000.0,14822.650993886515,24822.650993886513,25606.72084628835,-3.061968992861055
2025-06-04,23.959999084472656,622.27754759826,10000.0,14909.769470742198,24909.769470742198,25606.72084628835,-2.72175176091387
2025-06-05,24.200000762939453,622.27754759826,10000.0,15059.117126637982,25059.117126637982,25606.72084628835,-2.138515598844206
2025-06-06,24.15999984741211,622.27754759826,10000.0,15034.225455021942,25034.225455021944,25606.72084628835,-2.235723170893192
2025-06-09,24.5,622.27754759826,10000.0,15245.79991615737,25245.799916157368,25606.72084628835,-1.409477348925358
2025-06-10,24.5,622.27754759826,10000.0,15245.79991615737,25245.799916157368,25606.72084628835,-1.409477348925358
2025-06-11,24.739999771118164,622.27754759826,10000.0,15395.146385152924,25395.146385152926,25606.72084628835,-0.8262458219678341
2025-06-12,24.459999084472656,622.27754759826,10000.0,15220.908244541328,25220.90824454133,25606.72084628835,-1.5066849209743434
2025-06-13,24.260000228881836,622.27754759826,10000.0,15096.453447161814,25096.453447161814,25606.72084628835,-1.9927088758828675
2025-06-16,24.479999542236328,622.27754759826,10000.0,15233.354080349349,25233.35408034935,25606.72084628835,-1.4580811349498508
2025-06-17,24.399999618530273,622.27754759826,10000.0,15183.571924017497,25183.571924017495,25606.72084628835,-1.6524916439356967
2025-06-18,24.1200008392334,622.27754759826,10000.0,15009.33497030613,25009.334970306132,25606.72084628835,-2.3329261078300383
2025-06-19,23.639999389648438,622.27754759826,10000.0,14710.640845414791,24710.64084541479,25606.72084628835,-3.499393796857225
2025-06-20,23.920000076293945,622.27754759826,10000.0,14884.878986026388,24884.878986026386,25606.72084628835,-2.818954697850716
2025-06-23,24.100000381469727,622.27754759826,10000.0,14996.889134498111,24996.88913449811,25606.72084628835,-2.381529893854545
2025-06-24,24.600000381469727,622.27754759826,10000.0,15308.027908297241,25308.02790829724,25606.72084628835,-1.1664630539150191
2025-06-25,24.899999618530273,622.27754759826,10000.0,15494.710697816627,25494.710697816627,25606.72084628835,-0.43742480399617056
2025-06-26,24.760000228881836,622.27754759826,10000.0,15407.592220960943,25407.59222096094,25606.72084628835,-0.7776420359433556
2025-06-27,24.700000762939453,622.27754759826,10000.0,15370.255900437112,25370.255900437114,25606.72084628835,-0.9234487589046804
2025-06-30,24.520000457763672,622.27754759826,10000.0,15258.245751965389,25258.24575196539,25606.72084628835,-1.3608735629008508
2025-07-02,24.639999389648438,622.27754759826,10000.0,15332.918393013051,25332.918393013053,25606.72084628835,-1.069260116978173
2025-07-03,24.540000915527344,622.27754759826,10000.0,15270.69158777341,25270.69158777341,25606.72084628835,-1.312269776876358
2025-07-04,24.399999618530273,622.27754759826,10000.0,15183.571924017497,25183.571924017495,25606.72084628835,-1.6524916439356967
2025-07-07,24.360000610351562,622.27754759826,10000.0,15158.681439301687,25158.681439301687,25606.72084628835,-1.7496945808725288
2025-07-08,24.639999389648438,622.27754759826,10000.0,15332.918393013051,25332.918393013053,25606.72084628835,-1.069260116978173
2025-07-09,24.3799991607666,622.27754759826,10000.0,15171.126088209478,25171.12608820948,25606.72084628835,-1.7010954299601755
2025-07-10,24.520000457763672,622.27754759826,10000.0,15258.245751965389,25258.24575196539,25606.72084628835,-1.3608735629008508
2025-07-11,24.6200008392334,622.27754759826,10000.0,15320.473744105262,25320.473744105264,25606.72084628835,-1.1178592678905122
2025-07-14,24.700000762939453,622.27754759826,10000.0,15370.255900437112,25370.255900437114,25606.72084628835,-0.9234487589046804
2025-07-15,25.079999923706055,622.27754759826,10000.0,15606.72084628835,25606.72084628835,25606.72084628835,0.0
2025-07-16,24.979999542236328,622.27754759826,10000.0,15544.492854148479,25544.492854148477,25606.72084628835,-0.2430142950103388
2025-07-17,25.0,622.27754759826,10000.0,15556.9386899565,25556.9386899565,25606.72084628835,-0.1944105089858318
2025-07-18,25.31999969482422,622.27754759826,10000.0,15756.067315283906,25756.067315283908,25756.067315283908,0.0
2025-07-21,25.459999084472656,622.27754759826,10000.0,15843.185792139588,25843.185792139586,25843.185792139586,0.0
2025-07-22,25.600000381469727,622.27754759826,10000.0,15930.305455895501,25930.3054558955,25930.3054558955,0.0
2025-07-23,26.020000457763672,622.27754759826,10000.0,16191.662073362779,26191.66207336278,26191.66207336278,0.0
2025-07-24,26.15999984741211,622.27754759826,10000.0,16278.780550218462,26278.780550218464,26278.780550218464,0.0
2025-07-25,25.8799991607666,622.27754759826,10000.0,16104.542409606867,26104.542409606867,26278.780550218464,-0.6630373897244938
2025-07-28,26.059999465942383,622.27754759826,10000.0,16216.55255807859,26216.55255807859,26278.780550218464,-0.23679939037108697
2025-07-29,26.020000457763672,622.27754759826,10000.0,16191.662073362779,26191.66207336278,26278.780550218464,-0.33151643657590024
2025-07-30,25.65999984741211,622.27754759826,10000.0,15967.641776419332,25967.641776419332,26278.780550218464,-1.1839924352827138
2025-07-31,25.260000228881836,622.27754759826,10000.0,15718.730994760073,25718.730994760073,26278.780550218464,-2.131185480194341
2025-08-01,24.979999542236328,622.27754759826,10000.0,15544.492854148479,25544.492854148477,26278.780550218464,-2.7942228699188347
2025-08-04,25.200000762939453,622.27754759826,10000.0,15681.394674236242,25681.394674236242,26278.780550218464,-2.273263307787907
2025-08-05,25.360000610351562,622.27754759826,10000.0,15780.958986899946,25780.958986899946,26278.780550218464,-1.8943860898232536
2025-08-06,25.420000076293945,622.27754759826,10000.0,15818.295307423778,25818.295307423778,26278.780550218464,-1.7523082622296873
2025-08-07,25.559999465942383,622.27754759826,10000.0,15905.41378427946,25905.41378427946,26278.780550218464,-1.4207918256538008
2025-08-08,25.3799991607666,622.27754759826,10000.0,15793.403635807737,25793.403635807736,26278.780550218464,-1.8470298250072077
2025-08-11,25.399999618530273,622.27754759826,10000.0,15805.849471615757,25805.84947161576,26278.780550218464,-1.7996690436184404
2025-08-12,25.479999542236328,622.27754759826,10000.0,15855.631627947609,25855.63162794761,26278.780550218464,-1.6102304346361205
2025-08-13,26.079999923706055,622.27754759826,10000.0,16228.99839388661,26228.99839388661,26278.780550218464,-0.18943860898233367
2025-08-14,26.020000457763672,622.27754759826,10000.0,16191.662073362779,26191.66207336278,26278.780550218464,-0.33151643657590024
2025-08-15,25.799999237060547,622.27754759826,10000.0,16054.760253275015,26054.760253275017,26278.780550218464,-0.8524759987068136
2025-08-18,25.65999984741211,622.27754759826,10000.0,15967.641776419332,25967.641776419332,26278.780550218464,-1.1839924352827138
2025-08-19,25.6200008392334,622.27754759826,10000.0,15942.751291703522,25942.75129170352,26278.780550218464,-1.2787094814875273
2025-08-20,25.65999984741211,622.27754759826,10000.0,15967.641776419332,25967.641776419332,26278.780550218464,-1.1839924352827138
2025-08-21,25.6200008392334,622.27754759826,10000.0,15942.751291703522,25942.75129170352,26278.780550218464,-1.2787094814875273
2025-08-22,25.84000015258789,622.27754759826,10000.0,16079.651924891055,26079.651924891055,26278.780550218464,-0.757754435929307
2025-08-25,26.360000610351562,622.27754759826,10000.0,16403.236534498206,26403.236534498206,26403.236534498206,0.0
2025-08-26,26.020000457763672,622.27754759826,10000.0,16191.662073362779,26191.66207336278,26403.236534498206,-0.8013201747406477
2025-08-27,25.700000762939453,622.27754759826,10000.0,15992.533448035372,25992.53344803537,26403.236534498206,-1.5555028109005324
2025-08-28,25.5,622.27754759826,10000.0,15868.07746375563,25868.07746375563,26403.236534498206,-2.0268692061419866
2025-08-29,25.6200008392334,622.27754759826,10000.0,15942.751291703522,25942.75129170352,26403.236534498206,-1.7440484699404968
2025-09-01,26.15999984741211,622.27754759826,10000.0,16278.780550218462,26278.780550218464,26403.236534498206,-0.4713663952414683
2025-09-02,26.040000915527344,622.27754759826,10000.0,16204.1079091708,26204.1079091708,26403.236534498206,-0.754182636159871
2025-09-03,25.899999618530273,622.27754759826,10000.0,16116.988245414886,26116.988245414886,26403.236534498206,-1.0841409109421516
2025-09-04,25.6200008392334,622.27754759826,10000.0,15942.751291703522,25942.75129170352,26403.236534498206,-1.7440484699404968
2025-09-05,25.979999542236328,622.27754759826,10000.0,16166.770401746739,26166.77040174674,26403.236534498206,-0.8955952519021735
2025-09-08,26.200000762939453,622.27754759826,10000.0,16303.672221834502,26303.672221834502,26403.236534498206,-0.3770913180799424
2025-09-09,26.540000915527344,622.27754759826,10000.0,16515.24668296993,26515.24668296993,26515.24668296993,0.0
2025-09-10,26.799999237060547,622.27754759826,10000.0,16677.037800873273,26677.037800873273,26677.037800873273,0.0
2025-09-11,26.719999313354492,622.27754759826,10000.0,16627.255644541423,26627.255644541423,26677.037800873273,-0.18661051014524804
2025-09-12,27.0,622.27754759826,10000.0,16801.49378515302,26801.49378515302,26801.49378515302,0.0
2025-09-15,27.079999923706055,622.27754759826,10000.0,16851.27594148487,26851.27594148487,26851.27594148487,0.0
2025-09-16,27.059999465942383,622.27754759826,10000.0,16838.83010567685,26838.83010567685,26851.27594148487,-0.04635100333832006
2025-09-17,27.520000457763672,622.27754759826,10000.0,17125.07839476017,27125.07839476017,27125.07839476017,0.0
2025-09-18,27.18000030517578,622.27754759826,10000.0,16913.503933624743,26913.503933624743,27125.07839476017,-0.779995759113817
2025-09-19,27.200000762939453,622.27754759826,10000.0,16925.949769432762,26925.949769432762,27125.07839476017,-0.7341126260703255
2025-09-22,26.959999084472656,622.27754759826,10000.0,16776.602113536977,26776.602113536977,27125.07839476017,-1.2847014712794678
2025-09-23,26.799999237060547,622.27754759826,10000.0,16677.037800873273,26677.037800873273,27125.07839476017,-1.6517577843146305
2025-09-24,27.18000030517578,622.27754759826,10000.0,16913.503933624743,26913.503933624743,27125.07839476017,-0.779995759113817
2025-09-25,27.139999389648438,622.27754759826,10000.0,16888.6122620087,26888.6122620087,27125.07839476017,-0.8717620252008134
2025-09-26,26.780000686645508,622.27754759826,10000.0,16664.593151965484,26664.593151965484,27125.07839476017,-1.6976365417017172
2025-09-29,27.239999771118164,622.27754759826,10000.0,16950.840254148574,26950.840254148574,27125.07839476017,-0.6423507356397339
2025-09-30,27.520000457763672,622.27754759826,10000.0,17125.07839476017,27125.07839476017,27125.07839476017,0.0
2025-10-02,27.959999084472656,622.27754759826,10000.0,17398.879661135237,27398.879661135237,27398.879661135237,0.0
2025-10-03,27.780000686645508,622.27754759826,10000.0,17286.870699563744,27286.870699563744,27398.879661135237,-0.40880854603108374
2025-10-06,27.579999923706055,622.27754759826,10000.0,17162.414715284,27162.414715284,27398.879661135237,-0.8630460397497809
2025-10-08,27.459999084472656,622.27754759826,10000.0,17087.74088733611,27087.74088733611,27398.879661135237,-1.1355894023669595
2025-10-09,27.399999618530273,622.27754759826,10000.0,17050.404566812278,27050.404566812278,27398.879661135237,-1.2718589177106543
2025-10-10,26.959999084472656,622.27754759826,10000.0,16776.602113536977,26776.602113536977,27398.879661135237,-2.2711788047339327
2025-10-13,26.540000915527344,622.27754759826,10000.0,16515.24668296993,26515.24668296993,27398.879661135237,-3.225069744069584
2025-10-14,26.1200008392334,622.27754759826,10000.0,16253.890065502652,26253.890065502652,27398.879661135237,-4.1789650153350255
2025-10-15,26.559999465942383,622.27754759826,10000.0,16527.69133187772,26527.69133187772,27398.879661135237,-3.17964946024155
2025-10-16,26.540000915527344,622.27754759826,10000.0,16515.24668296993,26515.24668296993,27398.879661135237,-3.225069744069584
2025-10-17,25.860000610351562,622.27754759826,10000.0,16092.097760699076,26092.09776069908,27398.879661135237,-4.769472024397418
2025-10-20,26.520000457763672,622.27754759826,10000.0,16502.80084716191,26502.80084716191,27398.879661135237,-3.2704943598274077
2025-10-21,26.700000762939453,622.27754759826,10000.0,16614.810995633634,26614.810995633634,27398.879661135237,-2.8616814818665346
2025-10-22,26.420000076293945,622.27754759826,10000.0,16440.572855022037,26440.572855022037,27398.879661135237,-3.497613106686763
2025-10-23,26.600000381469727,622.27754759826,10000.0,16552.58300349376,26552.58300349376,27398.879661135237,-3.0888002287258898
